,mean_fit_time,std_fit_time,mean_score_time,std_score_time,param_classifier__max_depth,param_classifier__max_features,param_classifier__min_samples_leaf,param_classifier__min_samples_split,param_classifier__n_estimators,params,split0_test_score,split1_test_score,split2_test_score,split3_test_score,split4_test_score,mean_test_score,std_test_score,rank_test_score
0,0.1327065944671631,0.006639230295223323,0.00793313980102539,0.0003025718326994359,4,sqrt,1,2,300,"{'classifier__max_depth': 4, 'classifier__max_features': 'sqrt', 'classifier__min_samples_leaf': 1, 'classifier__min_samples_split': 2, 'classifier__n_estimators': 300}",0.6190476190476191,0.6190476190476191,0.8095238095238095,0.75,0.75,0.7095238095238094,0.07700457918474393,72
1,0.17029981613159179,0.005740270336789653,0.010209989547729493,0.00030489049182935024,4,sqrt,1,2,400,"{'classifier__max_depth': 4, 'classifier__max_features': 'sqrt', 'classifier__min_samples_leaf': 1, 'classifier__min_samples_split': 2, 'classifier__n_estimators': 400}",0.6190476190476191,0.6190476190476191,0.8571428571428571,0.75,0.8,0.7290476190476192,0.09600170066520823,1
2,0.2081064224243164,0.003187612929151158,0.012567615509033203,0.0013686686248543273,4,sqrt,1,2,500,"{'classifier__max_depth': 4, 'classifier__max_features': 'sqrt', 'classifier__min_samples_leaf': 1, 'classifier__min_samples_split': 2, 'classifier__n_estimators': 500}",0.5714285714285714,0.6190476190476191,0.8571428571428571,0.7,0.8,0.7095238095238094,0.10707405198137292,72
3,0.32982263565063474,0.004987549066918491,0.018590927124023438,0.00041387960081372383,4,sqrt,1,2,800,"{'classifier__max_depth': 4, 'classifier__max_features': 'sqrt', 'classifier__min_samples_leaf': 1, 'classifier__min_samples_split': 2, 'classifier__n_estimators': 800}",0.5714285714285714,0.6190476190476191,0.8571428571428571,0.7,0.75,0.6995238095238095,0.100276262386399,159
4,0.12476029396057128,0.0014626785601917394,0.00765376091003418,0.00018624012940044268,4,sqrt,1,3,300,"{'classifier__max_depth': 4, 'classifier__max_features': 'sqrt', 'classifier__min_samples_leaf': 1, 'classifier__min_samples_split': 3, 'classifier__n_estimators': 300}",0.6190476190476191,0.5714285714285714,0.8571428571428571,0.75,0.75,0.7095238095238094,0.10229786218543255,72
5,0.16920628547668456,0.003580323775478616,0.010652303695678711,0.0012584818677156629,4,sqrt,1,3,400,"{'classifier__max_depth': 4, 'classifier__max_features': 'sqrt', 'classifier__min_samples_leaf': 1, 'classifier__min_samples_split': 3, 'classifier__n_estimators': 400}",0.6190476190476191,0.6190476190476191,0.8571428571428571,0.75,0.8,0.7290476190476192,0.09600170066520823,1
6,0.20836567878723145,0.004323182795607587,0.012651205062866211,0.001243357868678365,4,sqrt,1,3,500,"{'classifier__max_depth': 4, 'classifier__max_features': 'sqrt', 'classifier__min_samples_leaf': 1, 'classifier__min_samples_split': 3, 'classifier__n_estimators': 500}",0.6190476190476191,0.5714285714285714,0.8571428571428571,0.75,0.75,0.7095238095238094,0.10229786218543255,72
7,0.33082022666931155,0.004881811341078803,0.018575191497802734,0.0003133937267816072,4,sqrt,1,3,800,"{'classifier__max_depth': 4, 'classifier__max_features': 'sqrt', 'classifier__min_samples_leaf': 1, 'classifier__min_samples_split': 3, 'classifier__n_estimators': 800}",0.6190476190476191,0.5714285714285714,0.8571428571428571,0.7,0.75,0.6995238095238095,0.100276262386399,159
8,0.1264854907989502,0.002485055104038303,0.007841205596923828,0.0002045745112853687,4,sqrt,1,4,300,"{'classifier__max_depth': 4, 'classifier__max_features': 'sqrt', 'classifier__min_samples_leaf': 1, 'classifier__min_samples_split': 4, 'classifier__n_estimators': 300}",0.6190476190476191,0.5714285714285714,0.8095238095238095,0.7,0.7,0.68,0.08133801703922353,213
9,0.16961450576782228,0.0018770228785571852,0.010167980194091797,0.00030381235642413357,4,sqrt,1,4,400,"{'classifier__max_depth': 4, 'classifier__max_features': 'sqrt', 'classifier__min_samples_leaf': 1, 'classifier__min_samples_split': 4, 'classifier__n_estimators': 400}",0.6190476190476191,0.6190476190476191,0.8095238095238095,0.75,0.75,0.7095238095238094,0.07700457918474393,72
10,0.21359071731567383,0.0013285349396504264,0.012455606460571289,0.00031194734996080987,4,sqrt,1,4,500,"{'classifier__max_depth': 4, 'classifier__max_features': 'sqrt', 'classifier__min_samples_leaf': 1, 'classifier__min_samples_split': 4, 'classifier__n_estimators': 500}",0.6190476190476191,0.5714285714285714,0.8571428571428571,0.7,0.8,0.7095238095238094,0.10707405198137292,72
11,0.33679943084716796,0.007977114693315713,0.01904163360595703,0.0008454375339480443,4,sqrt,1,4,800,"{'classifier__max_depth': 4, 'classifier__max_features': 'sqrt', 'classifier__min_samples_leaf': 1, 'classifier__min_samples_split': 4, 'classifier__n_estimators': 800}",0.6190476190476191,0.6190476190476191,0.8571428571428571,0.75,0.75,0.719047619047619,0.09053882543729304,26
12,0.13669567108154296,0.014059592182236595,0.007909202575683593,0.00013071728626227729,4,sqrt,2,2,300,"{'classifier__max_depth': 4, 'classifier__max_features': 'sqrt', 'classifier__min_samples_leaf': 2, 'classifier__min_samples_split': 2, 'classifier__n_estimators': 300}",0.5714285714285714,0.6190476190476191,0.8095238095238095,0.75,0.8,0.71,0.09703542144945329,69
13,0.16890153884887696,0.0015521017314801342,0.010157299041748048,0.00019092260895712772,4,sqrt,2,2,400,"{'classifier__max_depth': 4, 'classifier__max_features': 'sqrt', 'classifier__min_samples_leaf': 2, 'classifier__min_samples_split': 2, 'classifier__n_estimators': 400}",0.6190476190476191,0.6190476190476191,0.8095238095238095,0.75,0.75,0.7095238095238094,0.07700457918474393,72
14,0.2160719394683838,0.005047253509141651,0.012970209121704102,0.0006895329607518662,4,sqrt,2,2,500,"{'classifier__max_depth': 4, 'classifier__max_features': 'sqrt', 'classifier__min_samples_leaf': 2, 'classifier__min_samples_split': 2, 'classifier__n_estimators': 500}",0.5238095238095238,0.6190476190476191,0.8571428571428571,0.75,0.75,0.7,0.11600883538171267,150
15,0.3484179973602295,0.017455086748835034,0.01950383186340332,0.0013238986928357226,4,sqrt,2,2,800,"{'classifier__max_depth': 4, 'classifier__max_features': 'sqrt', 'classifier__min_samples_leaf': 2, 'classifier__min_samples_split': 2, 'classifier__n_estimators': 800}",0.6190476190476191,0.6190476190476191,0.8095238095238095,0.7,0.8,0.7095238095238094,0.08324485098442727,72
16,0.14222397804260253,0.01696993368467261,0.009072303771972656,0.001520167479962597,4,sqrt,2,3,300,"{'classifier__max_depth': 4, 'classifier__max_features': 'sqrt', 'classifier__min_samples_leaf': 2, 'classifier__min_samples_split': 3, 'classifier__n_estimators': 300}",0.6190476190476191,0.5714285714285714,0.8571428571428571,0.75,0.8,0.7195238095238095,0.10804802828943043,11
17,0.1740623950958252,0.009644994518594062,0.010225963592529298,0.00029160295609807806,4,sqrt,2,3,400,"{'classifier__max_depth': 4, 'classifier__max_features': 'sqrt', 'classifier__min_samples_leaf': 2, 'classifier__min_samples_split': 3, 'classifier__n_estimators': 400}",0.6190476190476191,0.6190476190476191,0.8095238095238095,0.75,0.8,0.7195238095238095,0.08449395851150135,11
18,0.21327176094055175,0.0032424422028764525,0.013419628143310547,0.0015488273466184828,4,sqrt,2,3,500,"{'classifier__max_depth': 4, 'classifier__max_features': 'sqrt', 'classifier__min_samples_leaf': 2, 'classifier__min_samples_split': 3, 'classifier__n_estimators': 500}",0.6190476190476191,0.6190476190476191,0.8571428571428571,0.7,0.8,0.7190476190476189,0.09590244476323126,53
19,0.32686028480529783,0.0059009262227648915,0.018264627456665038,0.0005941515671721457,4,sqrt,2,3,800,"{'classifier__max_depth': 4, 'classifier__max_features': 'sqrt', 'classifier__min_samples_leaf': 2, 'classifier__min_samples_split': 3, 'classifier__n_estimators': 800}",0.6190476190476191,0.6190476190476191,0.8095238095238095,0.75,0.75,0.7095238095238094,0.07700457918474393,72
20,0.12311687469482421,0.0007869763074889853,0.007606697082519531,0.00013215956259046195,4,sqrt,2,4,300,"{'classifier__max_depth': 4, 'classifier__max_features': 'sqrt', 'classifier__min_samples_leaf': 2, 'classifier__min_samples_split': 4, 'classifier__n_estimators': 300}",0.6190476190476191,0.6190476190476191,0.8571428571428571,0.7,0.75,0.709047619047619,0.08932094543004458,126
21,0.16249537467956543,0.0013904066642443284,0.009547281265258788,7.827400688249164e-05,4,sqrt,2,4,400,"{'classifier__max_depth': 4, 'classifier__max_features': 'sqrt', 'classifier__min_samples_leaf': 2, 'classifier__min_samples_split': 4, 'classifier__n_estimators': 400}",0.5714285714285714,0.6190476190476191,0.8571428571428571,0.7,0.75,0.6995238095238095,0.100276262386399,159
22,0.20325064659118652,0.001566812537582677,0.01286473274230957,0.0016965196225310261,4,sqrt,2,4,500,"{'classifier__max_depth': 4, 'classifier__max_features': 'sqrt', 'classifier__min_samples_leaf': 2, 'classifier__min_samples_split': 4, 'classifier__n_estimators': 500}",0.5714285714285714,0.6190476190476191,0.8571428571428571,0.75,0.8,0.7195238095238095,0.10804802828943043,11
23,0.3195610046386719,0.0015074644352758204,0.017793798446655275,8.976028566287697e-05,4,sqrt,2,4,800,"{'classifier__max_depth': 4, 'classifier__max_features': 'sqrt', 'classifier__min_samples_leaf': 2, 'classifier__min_samples_split': 4, 'classifier__n_estimators': 800}",0.6190476190476191,0.6190476190476191,0.8095238095238095,0.75,0.75,0.7095238095238094,0.07700457918474393,72
24,0.12242312431335449,0.0008561128468876395,0.007507610321044922,3.561191524053696e-05,4,sqrt,3,2,300,"{'classifier__max_depth': 4, 'classifier__max_features': 'sqrt', 'classifier__min_samples_leaf': 3, 'classifier__min_samples_split': 2, 'classifier__n_estimators': 300}",0.5714285714285714,0.6190476190476191,0.7619047619047619,0.7,0.7,0.6704761904761904,0.06716818164763982,216
25,0.16212334632873535,0.0011809617453600186,0.00967860221862793,0.0001925083795550718,4,sqrt,3,2,400,"{'classifier__max_depth': 4, 'classifier__max_features': 'sqrt', 'classifier__min_samples_leaf': 3, 'classifier__min_samples_split': 2, 'classifier__n_estimators': 400}",0.5714285714285714,0.6190476190476191,0.8571428571428571,0.7,0.8,0.7095238095238094,0.10707405198137292,72
26,0.201845121383667,0.0016728790728402143,0.01340622901916504,0.001580121649564209,4,sqrt,3,2,500,"{'classifier__max_depth': 4, 'classifier__max_features': 'sqrt', 'classifier__min_samples_leaf': 3, 'classifier__min_samples_split': 2, 'classifier__n_estimators': 500}",0.6190476190476191,0.6190476190476191,0.8571428571428571,0.75,0.75,0.719047619047619,0.09053882543729304,26
27,0.3166502475738525,0.0012895419776071451,0.017628240585327148,8.816658451002009e-05,4,sqrt,3,2,800,"{'classifier__max_depth': 4, 'classifier__max_features': 'sqrt', 'classifier__min_samples_leaf': 3, 'classifier__min_samples_split': 2, 'classifier__n_estimators': 800}",0.6190476190476191,0.6190476190476191,0.8571428571428571,0.75,0.75,0.719047619047619,0.09053882543729304,26
28,0.12235817909240723,0.00041651016375609737,0.0075714111328125,0.0002265593494904552,4,sqrt,3,3,300,"{'classifier__max_depth': 4, 'classifier__max_features': 'sqrt', 'classifier__min_samples_leaf': 3, 'classifier__min_samples_split': 3, 'classifier__n_estimators': 300}",0.6190476190476191,0.6190476190476191,0.8095238095238095,0.75,0.75,0.7095238095238094,0.07700457918474393,72
29,0.16189427375793458,0.001040351225761521,0.00973057746887207,0.00016193097834205563,4,sqrt,3,3,400,"{'classifier__max_depth': 4, 'classifier__max_features': 'sqrt', 'classifier__min_samples_leaf': 3, 'classifier__min_samples_split': 3, 'classifier__n_estimators': 400}",0.5714285714285714,0.6190476190476191,0.8571428571428571,0.75,0.75,0.7095238095238094,0.10229786218543255,72
30,0.2007284164428711,0.0011747695400431953,0.013199281692504884,0.0014168136222709954,4,sqrt,3,3,500,"{'classifier__max_depth': 4, 'classifier__max_features': 'sqrt', 'classifier__min_samples_leaf': 3, 'classifier__min_samples_split': 3, 'classifier__n_estimators': 500}",0.6190476190476191,0.6190476190476191,0.8571428571428571,0.75,0.75,0.719047619047619,0.09053882543729304,26
31,0.32086997032165526,0.005885245294967979,0.018128633499145508,0.0010814939853711568,4,sqrt,3,3,800,"{'classifier__max_depth': 4, 'classifier__max_features': 'sqrt', 'classifier__min_samples_leaf': 3, 'classifier__min_samples_split': 3, 'classifier__n_estimators': 800}",0.6190476190476191,0.6190476190476191,0.8095238095238095,0.7,0.8,0.7095238095238094,0.08324485098442727,72
32,0.13719325065612792,0.017036101025451236,0.008113336563110352,0.0003358033525639729,4,sqrt,3,4,300,"{'classifier__max_depth': 4, 'classifier__max_features': 'sqrt', 'classifier__min_samples_leaf': 3, 'classifier__min_samples_split': 4, 'classifier__n_estimators': 300}",0.6190476190476191,0.5714285714285714,0.8571428571428571,0.7,0.65,0.6795238095238095,0.09816456172742952,214
33,0.1625837802886963,0.0005018603466447529,0.009595203399658202,0.00011716640985471342,4,sqrt,3,4,400,"{'classifier__max_depth': 4, 'classifier__max_features': 'sqrt', 'classifier__min_samples_leaf': 3, 'classifier__min_samples_split': 4, 'classifier__n_estimators': 400}",0.6190476190476191,0.6190476190476191,0.8095238095238095,0.75,0.75,0.7095238095238094,0.07700457918474393,72
34,0.20484309196472167,0.004519794345378236,0.012480068206787109,0.0009818486454800277,4,sqrt,3,4,500,"{'classifier__max_depth': 4, 'classifier__max_features': 'sqrt', 'classifier__min_samples_leaf': 3, 'classifier__min_samples_split': 4, 'classifier__n_estimators': 500}",0.5238095238095238,0.5714285714285714,0.8571428571428571,0.7,0.7,0.6704761904761906,0.11654123480738839,215
35,0.3242548942565918,0.004404884363286295,0.017954301834106446,0.0005510979602914542,4,sqrt,3,4,800,"{'classifier__max_depth': 4, 'classifier__max_features': 'sqrt', 'classifier__min_samples_leaf': 3, 'classifier__min_samples_split': 4, 'classifier__n_estimators': 800}",0.6190476190476191,0.6190476190476191,0.8571428571428571,0.75,0.75,0.719047619047619,0.09053882543729304,26
36,0.12458868026733398,0.0034822568167456294,0.007551670074462891,0.00035372264428836794,4,log2,1,2,300,"{'classifier__max_depth': 4, 'classifier__max_features': 'log2', 'classifier__min_samples_leaf': 1, 'classifier__min_samples_split': 2, 'classifier__n_estimators': 300}",0.6190476190476191,0.5714285714285714,0.8571428571428571,0.7,0.85,0.7195238095238096,0.11693748935749201,8
37,0.16888117790222168,0.005306058240408338,0.010096931457519531,0.0003516318125413511,4,log2,1,2,400,"{'classifier__max_depth': 4, 'classifier__max_features': 'log2', 'classifier__min_samples_leaf': 1, 'classifier__min_samples_split': 2, 'classifier__n_estimators': 400}",0.6190476190476191,0.6190476190476191,0.8571428571428571,0.75,0.75,0.719047619047619,0.09053882543729304,26
38,0.21406397819519044,0.0008198640894227637,0.012480926513671876,0.0001867056121285446,4,log2,1,2,500,"{'classifier__max_depth': 4, 'classifier__max_features': 'log2', 'classifier__min_samples_leaf': 1, 'classifier__min_samples_split': 2, 'classifier__n_estimators': 500}",0.5714285714285714,0.6190476190476191,0.8571428571428571,0.75,0.75,0.7095238095238094,0.10229786218543255,72
39,0.3311826229095459,0.0065008038905375615,0.01832270622253418,0.0005328885975905085,4,log2,1,2,800,"{'classifier__max_depth': 4, 'classifier__max_features': 'log2', 'classifier__min_samples_leaf': 1, 'classifier__min_samples_split': 2, 'classifier__n_estimators': 800}",0.5714285714285714,0.6190476190476191,0.8571428571428571,0.7,0.75,0.6995238095238095,0.100276262386399,159
40,0.12561478614807128,0.0010888234781090366,0.007752037048339844,0.00019031039929711497,4,log2,1,3,300,"{'classifier__max_depth': 4, 'classifier__max_features': 'log2', 'classifier__min_samples_leaf': 1, 'classifier__min_samples_split': 3, 'classifier__n_estimators': 300}",0.5714285714285714,0.6190476190476191,0.8571428571428571,0.75,0.8,0.7195238095238095,0.10804802828943043,11
41,0.17085714340209962,0.007576133409055312,0.010056257247924805,8.920271111954087e-05,4,log2,1,3,400,"{'classifier__max_depth': 4, 'classifier__max_features': 'log2', 'classifier__min_samples_leaf': 1, 'classifier__min_samples_split': 3, 'classifier__n_estimators': 400}",0.6190476190476191,0.5714285714285714,0.8571428571428571,0.7,0.75,0.6995238095238095,0.100276262386399,159
42,0.213928747177124,0.008504697396588146,0.012530517578125,0.0006471283616766912,4,log2,1,3,500,"{'classifier__max_depth': 4, 'classifier__max_features': 'log2', 'classifier__min_samples_leaf': 1, 'classifier__min_samples_split': 3, 'classifier__n_estimators': 500}",0.5238095238095238,0.5714285714285714,0.8571428571428571,0.75,0.8,0.7004761904761905,0.13020479246886196,148
43,0.33460369110107424,0.011625147359410498,0.01864018440246582,0.00048617367269376284,4,log2,1,3,800,"{'classifier__max_depth': 4, 'classifier__max_features': 'log2', 'classifier__min_samples_leaf': 1, 'classifier__min_samples_split': 3, 'classifier__n_estimators': 800}",0.6190476190476191,0.5714285714285714,0.8095238095238095,0.75,0.75,0.7,0.08953140798553888,150
44,0.12774038314819336,0.0011349464640796041,0.007808256149291992,7.788889404970143e-05,4,log2,1,4,300,"{'classifier__max_depth': 4, 'classifier__max_features': 'log2', 'classifier__min_samples_leaf': 1, 'classifier__min_samples_split': 4, 'classifier__n_estimators': 300}",0.5714285714285714,0.5714285714285714,0.8095238095238095,0.7,0.75,0.6804761904761905,0.09555186408521152,210
45,0.1670903205871582,0.001480648409267619,0.00985422134399414,0.00013758934383402812,4,log2,1,4,400,"{'classifier__max_depth': 4, 'classifier__max_features': 'log2', 'classifier__min_samples_leaf': 1, 'classifier__min_samples_split': 4, 'classifier__n_estimators': 400}",0.6190476190476191,0.6190476190476191,0.8571428571428571,0.75,0.75,0.719047619047619,0.09053882543729304,26
46,0.21433563232421876,0.0027414573039799073,0.11176724433898926,0.1991579458144916,4,log2,1,4,500,"{'classifier__max_depth': 4, 'classifier__max_features': 'log2', 'classifier__min_samples_leaf': 1, 'classifier__min_samples_split': 4, 'classifier__n_estimators': 500}",0.6190476190476191,0.5714285714285714,0.8571428571428571,0.75,0.75,0.7095238095238094,0.10229786218543255,72
47,0.3247964859008789,0.0034071022483284684,0.0178708553314209,0.00031995295053423837,4,log2,1,4,800,"{'classifier__max_depth': 4, 'classifier__max_features': 'log2', 'classifier__min_samples_leaf': 1, 'classifier__min_samples_split': 4, 'classifier__n_estimators': 800}",0.6190476190476191,0.5714285714285714,0.8571428571428571,0.75,0.75,0.7095238095238094,0.10229786218543255,72
48,0.1246828556060791,0.0008903908051274788,0.007671546936035156,6.412181585066805e-05,4,log2,2,2,300,"{'classifier__max_depth': 4, 'classifier__max_features': 'log2', 'classifier__min_samples_leaf': 2, 'classifier__min_samples_split': 2, 'classifier__n_estimators': 300}",0.6190476190476191,0.6190476190476191,0.8571428571428571,0.75,0.75,0.719047619047619,0.09053882543729304,26
49,0.16774463653564453,0.0042990671805324026,0.010068225860595702,0.00020847805895308152,4,log2,2,2,400,"{'classifier__max_depth': 4, 'classifier__max_features': 'log2', 'classifier__min_samples_leaf': 2, 'classifier__min_samples_split': 2, 'classifier__n_estimators': 400}",0.5238095238095238,0.6190476190476191,0.8095238095238095,0.7,0.8,0.6904761904761905,0.10875506608472532,201
50,0.21353578567504883,0.006343187410898639,0.012459993362426758,0.000294114651224728,4,log2,2,2,500,"{'classifier__max_depth': 4, 'classifier__max_features': 'log2', 'classifier__min_samples_leaf': 2, 'classifier__min_samples_split': 2, 'classifier__n_estimators': 500}",0.5714285714285714,0.6190476190476191,0.8571428571428571,0.7,0.75,0.6995238095238095,0.100276262386399,159
51,0.3809846878051758,0.051849783515167405,0.019972610473632812,0.001456506108260734,4,log2,2,2,800,"{'classifier__max_depth': 4, 'classifier__max_features': 'log2', 'classifier__min_samples_leaf': 2, 'classifier__min_samples_split': 2, 'classifier__n_estimators': 800}",0.6190476190476191,0.5714285714285714,0.8571428571428571,0.75,0.75,0.7095238095238094,0.10229786218543255,72
52,0.13647637367248536,0.014194575327973299,0.008863592147827148,0.0014918250439333585,4,log2,2,3,300,"{'classifier__max_depth': 4, 'classifier__max_features': 'log2', 'classifier__min_samples_leaf': 2, 'classifier__min_samples_split': 3, 'classifier__n_estimators': 300}",0.5714285714285714,0.6190476190476191,0.8571428571428571,0.75,0.8,0.7195238095238095,0.10804802828943043,11
53,0.17845168113708496,0.002818490152487233,0.010527896881103515,0.00016324953103009397,4,log2,2,3,400,"{'classifier__max_depth': 4, 'classifier__max_features': 'log2', 'classifier__min_samples_leaf': 2, 'classifier__min_samples_split': 3, 'classifier__n_estimators': 400}",0.5714285714285714,0.6190476190476191,0.8571428571428571,0.7,0.8,0.7095238095238094,0.10707405198137292,72
54,0.2137298107147217,0.002898039599034545,0.012544536590576172,0.0003734465697859563,4,log2,2,3,500,"{'classifier__max_depth': 4, 'classifier__max_features': 'log2', 'classifier__min_samples_leaf': 2, 'classifier__min_samples_split': 3, 'classifier__n_estimators': 500}",0.5714285714285714,0.5714285714285714,0.8095238095238095,0.75,0.75,0.6904761904761905,0.09960238411119948,201
55,0.33470759391784666,0.004130967736659143,0.018588733673095704,0.00018482354648746455,4,log2,2,3,800,"{'classifier__max_depth': 4, 'classifier__max_features': 'log2', 'classifier__min_samples_leaf': 2, 'classifier__min_samples_split': 3, 'classifier__n_estimators': 800}",0.6190476190476191,0.6190476190476191,0.8095238095238095,0.7,0.75,0.6995238095238095,0.07429792329463651,159
56,0.12664170265197755,0.0025485820245810635,0.007786083221435547,0.00016297701149072316,4,log2,2,4,300,"{'classifier__max_depth': 4, 'classifier__max_features': 'log2', 'classifier__min_samples_leaf': 2, 'classifier__min_samples_split': 4, 'classifier__n_estimators': 300}",0.6190476190476191,0.6190476190476191,0.8095238095238095,0.75,0.8,0.7195238095238095,0.08449395851150135,11
57,0.17782702445983886,0.00293462430401168,0.010743474960327149,0.00043092720316408994,4,log2,2,4,400,"{'classifier__max_depth': 4, 'classifier__max_features': 'log2', 'classifier__min_samples_leaf': 2, 'classifier__min_samples_split': 4, 'classifier__n_estimators': 400}",0.6190476190476191,0.5714285714285714,0.8571428571428571,0.75,0.75,0.7095238095238094,0.10229786218543255,72
58,0.22291483879089355,0.005829158896556443,0.012924098968505859,0.00026918902413285004,4,log2,2,4,500,"{'classifier__max_depth': 4, 'classifier__max_features': 'log2', 'classifier__min_samples_leaf': 2, 'classifier__min_samples_split': 4, 'classifier__n_estimators': 500}",0.6190476190476191,0.5714285714285714,0.8571428571428571,0.75,0.75,0.7095238095238094,0.10229786218543255,72
59,0.3644405841827393,0.03087888633768074,0.018841981887817383,0.00028204927984576064,4,log2,2,4,800,"{'classifier__max_depth': 4, 'classifier__max_features': 'log2', 'classifier__min_samples_leaf': 2, 'classifier__min_samples_split': 4, 'classifier__n_estimators': 800}",0.6190476190476191,0.6190476190476191,0.8571428571428571,0.7,0.75,0.709047619047619,0.08932094543004458,126
60,0.13430409431457518,0.007008055762972246,0.008426332473754882,0.0004919483135239566,4,log2,3,2,300,"{'classifier__max_depth': 4, 'classifier__max_features': 'log2', 'classifier__min_samples_leaf': 3, 'classifier__min_samples_split': 2, 'classifier__n_estimators': 300}",0.5714285714285714,0.6190476190476191,0.8571428571428571,0.7,0.75,0.6995238095238095,0.100276262386399,159
61,0.19413175582885742,0.009133392820072814,0.01191120147705078,0.0007868774153072913,4,log2,3,2,400,"{'classifier__max_depth': 4, 'classifier__max_features': 'log2', 'classifier__min_samples_leaf': 3, 'classifier__min_samples_split': 2, 'classifier__n_estimators': 400}",0.6190476190476191,0.6190476190476191,0.8571428571428571,0.75,0.75,0.719047619047619,0.09053882543729304,26
62,0.22512431144714357,0.00404682765667534,0.013028144836425781,0.000235300705911598,4,log2,3,2,500,"{'classifier__max_depth': 4, 'classifier__max_features': 'log2', 'classifier__min_samples_leaf': 3, 'classifier__min_samples_split': 2, 'classifier__n_estimators': 500}",0.5714285714285714,0.6190476190476191,0.8571428571428571,0.7,0.7,0.6895238095238095,0.0971895312709251,207
63,0.3555206298828125,0.01404374209481403,0.01916031837463379,0.0007719661270773848,4,log2,3,2,800,"{'classifier__max_depth': 4, 'classifier__max_features': 'log2', 'classifier__min_samples_leaf': 3, 'classifier__min_samples_split': 2, 'classifier__n_estimators': 800}",0.6190476190476191,0.6190476190476191,0.8571428571428571,0.75,0.75,0.719047619047619,0.09053882543729304,26
64,0.143034029006958,0.0042795116800294596,0.008986473083496094,0.00039464349365559277,4,log2,3,3,300,"{'classifier__max_depth': 4, 'classifier__max_features': 'log2', 'classifier__min_samples_leaf': 3, 'classifier__min_samples_split': 3, 'classifier__n_estimators': 300}",0.6190476190476191,0.6190476190476191,0.8571428571428571,0.7,0.75,0.709047619047619,0.08932094543004458,126
65,0.19907622337341307,0.006099727180187684,0.011830615997314452,0.0003699965809692757,4,log2,3,3,400,"{'classifier__max_depth': 4, 'classifier__max_features': 'log2', 'classifier__min_samples_leaf': 3, 'classifier__min_samples_split': 3, 'classifier__n_estimators': 400}",0.5714285714285714,0.6190476190476191,0.8571428571428571,0.7,0.75,0.6995238095238095,0.100276262386399,159
66,0.23684563636779785,0.003819650455056151,0.013746976852416992,0.00033250751193339325,4,log2,3,3,500,"{'classifier__max_depth': 4, 'classifier__max_features': 'log2', 'classifier__min_samples_leaf': 3, 'classifier__min_samples_split': 3, 'classifier__n_estimators': 500}",0.6190476190476191,0.6190476190476191,0.8571428571428571,0.75,0.8,0.7290476190476192,0.09600170066520823,1
67,0.3895134449005127,0.0316298648241025,0.020511484146118163,0.0006303228059169326,4,log2,3,3,800,"{'classifier__max_depth': 4, 'classifier__max_features': 'log2', 'classifier__min_samples_leaf': 3, 'classifier__min_samples_split': 3, 'classifier__n_estimators': 800}",0.6190476190476191,0.6190476190476191,0.8571428571428571,0.75,0.75,0.719047619047619,0.09053882543729304,26
68,0.1580841064453125,0.009572827747536997,0.009919071197509765,0.00036623349343811604,4,log2,3,4,300,"{'classifier__max_depth': 4, 'classifier__max_features': 'log2', 'classifier__min_samples_leaf': 3, 'classifier__min_samples_split': 4, 'classifier__n_estimators': 300}",0.6190476190476191,0.6190476190476191,0.8571428571428571,0.75,0.7,0.709047619047619,0.08932094543004458,126
69,0.22447490692138672,0.010017664228712907,0.013672256469726562,0.001361403211000243,4,log2,3,4,400,"{'classifier__max_depth': 4, 'classifier__max_features': 'log2', 'classifier__min_samples_leaf': 3, 'classifier__min_samples_split': 4, 'classifier__n_estimators': 400}",0.6190476190476191,0.6190476190476191,0.8095238095238095,0.75,0.8,0.7195238095238095,0.08449395851150135,11
70,0.24833211898803711,0.006160305196719306,0.014574050903320312,0.000594553718585054,4,log2,3,4,500,"{'classifier__max_depth': 4, 'classifier__max_features': 'log2', 'classifier__min_samples_leaf': 3, 'classifier__min_samples_split': 4, 'classifier__n_estimators': 500}",0.6190476190476191,0.6190476190476191,0.8095238095238095,0.75,0.8,0.7195238095238095,0.08449395851150135,11
71,0.3771659374237061,0.015149702636701842,0.02015213966369629,0.0002843059092751294,4,log2,3,4,800,"{'classifier__max_depth': 4, 'classifier__max_features': 'log2', 'classifier__min_samples_leaf': 3, 'classifier__min_samples_split': 4, 'classifier__n_estimators': 800}",0.5714285714285714,0.6190476190476191,0.8095238095238095,0.75,0.75,0.7,0.08953140798553888,150
72,0.15449118614196777,0.007047737331430207,0.009618759155273438,0.00021004149097996814,5,sqrt,1,2,300,"{'classifier__max_depth': 5, 'classifier__max_features': 'sqrt', 'classifier__min_samples_leaf': 1, 'classifier__min_samples_split': 2, 'classifier__n_estimators': 300}",0.5714285714285714,0.5714285714285714,0.8095238095238095,0.7,0.75,0.6804761904761905,0.09555186408521152,210
73,0.23140997886657716,0.01188428910213177,0.01315608024597168,0.0006438529215430427,5,sqrt,1,2,400,"{'classifier__max_depth': 5, 'classifier__max_features': 'sqrt', 'classifier__min_samples_leaf': 1, 'classifier__min_samples_split': 2, 'classifier__n_estimators': 400}",0.6190476190476191,0.6190476190476191,0.8571428571428571,0.7,0.75,0.709047619047619,0.08932094543004458,126
74,0.27138166427612304,0.005346155909843219,0.014958572387695313,0.00029718607244490057,5,sqrt,1,2,500,"{'classifier__max_depth': 5, 'classifier__max_features': 'sqrt', 'classifier__min_samples_leaf': 1, 'classifier__min_samples_split': 2, 'classifier__n_estimators': 500}",0.6190476190476191,0.6190476190476191,0.8571428571428571,0.7,0.75,0.709047619047619,0.08932094543004458,126
75,0.40787153244018554,0.014157565032884492,0.021561193466186523,0.0010549914677390668,5,sqrt,1,2,800,"{'classifier__max_depth': 5, 'classifier__max_features': 'sqrt', 'classifier__min_samples_leaf': 1, 'classifier__min_samples_split': 2, 'classifier__n_estimators': 800}",0.6190476190476191,0.5714285714285714,0.8571428571428571,0.7,0.75,0.6995238095238095,0.100276262386399,159
76,0.17184371948242189,0.01772414820205008,0.010597944259643555,0.0014039553706130027,5,sqrt,1,3,300,"{'classifier__max_depth': 5, 'classifier__max_features': 'sqrt', 'classifier__min_samples_leaf': 1, 'classifier__min_samples_split': 3, 'classifier__n_estimators': 300}",0.6190476190476191,0.5714285714285714,0.8571428571428571,0.75,0.8,0.7195238095238095,0.10804802828943043,11
77,0.2571707725524902,0.012050276747676395,0.015111780166625977,0.0013162722001192383,5,sqrt,1,3,400,"{'classifier__max_depth': 5, 'classifier__max_features': 'sqrt', 'classifier__min_samples_leaf': 1, 'classifier__min_samples_split': 3, 'classifier__n_estimators': 400}",0.6190476190476191,0.6190476190476191,0.8571428571428571,0.7,0.8,0.7190476190476189,0.09590244476323126,53
78,0.3189394950866699,0.01674672652929824,0.01719322204589844,0.0007615121454399615,5,sqrt,1,3,500,"{'classifier__max_depth': 5, 'classifier__max_features': 'sqrt', 'classifier__min_samples_leaf': 1, 'classifier__min_samples_split': 3, 'classifier__n_estimators': 500}",0.6190476190476191,0.5714285714285714,0.8571428571428571,0.75,0.8,0.7195238095238095,0.10804802828943043,11
79,0.46297616958618165,0.01879803712182354,0.02379918098449707,0.0011416745892639068,5,sqrt,1,3,800,"{'classifier__max_depth': 5, 'classifier__max_features': 'sqrt', 'classifier__min_samples_leaf': 1, 'classifier__min_samples_split': 3, 'classifier__n_estimators': 800}",0.6190476190476191,0.5714285714285714,0.8571428571428571,0.7,0.75,0.6995238095238095,0.100276262386399,159
80,0.2021697998046875,0.023731356280463058,0.012650585174560547,0.0011827056217330897,5,sqrt,1,4,300,"{'classifier__max_depth': 5, 'classifier__max_features': 'sqrt', 'classifier__min_samples_leaf': 1, 'classifier__min_samples_split': 4, 'classifier__n_estimators': 300}",0.5714285714285714,0.5714285714285714,0.8571428571428571,0.7,0.8,0.7,0.11640885021407636,150
81,0.27437825202941896,0.007150976234195764,0.015564250946044921,0.0010096243239063516,5,sqrt,1,4,400,"{'classifier__max_depth': 5, 'classifier__max_features': 'sqrt', 'classifier__min_samples_leaf': 1, 'classifier__min_samples_split': 4, 'classifier__n_estimators': 400}",0.6190476190476191,0.6190476190476191,0.8571428571428571,0.7,0.75,0.709047619047619,0.08932094543004458,126
82,0.3353005886077881,0.0200104393610522,0.017602205276489258,0.00013973737125021047,5,sqrt,1,4,500,"{'classifier__max_depth': 5, 'classifier__max_features': 'sqrt', 'classifier__min_samples_leaf': 1, 'classifier__min_samples_split': 4, 'classifier__n_estimators': 500}",0.6190476190476191,0.5714285714285714,0.8571428571428571,0.7,0.75,0.6995238095238095,0.100276262386399,159
83,0.5235772609710694,0.01698278900346226,0.027031373977661134,0.0009340621699953811,5,sqrt,1,4,800,"{'classifier__max_depth': 5, 'classifier__max_features': 'sqrt', 'classifier__min_samples_leaf': 1, 'classifier__min_samples_split': 4, 'classifier__n_estimators': 800}",0.6190476190476191,0.5714285714285714,0.8571428571428571,0.75,0.75,0.7095238095238094,0.10229786218543255,72
84,0.22766199111938476,0.01873713528790606,0.014083576202392579,0.0007367895358607667,5,sqrt,2,2,300,"{'classifier__max_depth': 5, 'classifier__max_features': 'sqrt', 'classifier__min_samples_leaf': 2, 'classifier__min_samples_split': 2, 'classifier__n_estimators': 300}",0.6190476190476191,0.6190476190476191,0.8571428571428571,0.75,0.75,0.719047619047619,0.09053882543729304,26
85,0.31691803932189944,0.007946088368366439,0.019083213806152344,0.0038674954983820894,5,sqrt,2,2,400,"{'classifier__max_depth': 5, 'classifier__max_features': 'sqrt', 'classifier__min_samples_leaf': 2, 'classifier__min_samples_split': 2, 'classifier__n_estimators': 400}",0.6190476190476191,0.6190476190476191,0.8095238095238095,0.75,0.75,0.7095238095238094,0.07700457918474393,72
86,0.3800032138824463,0.008911312643971473,0.01997528076171875,0.0005650595089059665,5,sqrt,2,2,500,"{'classifier__max_depth': 5, 'classifier__max_features': 'sqrt', 'classifier__min_samples_leaf': 2, 'classifier__min_samples_split': 2, 'classifier__n_estimators': 500}",0.6190476190476191,0.5714285714285714,0.8095238095238095,0.75,0.8,0.71,0.09703542144945329,69
87,0.5343947887420655,0.03311385030473331,0.027902793884277344,0.0029629126689525273,5,sqrt,2,2,800,"{'classifier__max_depth': 5, 'classifier__max_features': 'sqrt', 'classifier__min_samples_leaf': 2, 'classifier__min_samples_split': 2, 'classifier__n_estimators': 800}",0.6190476190476191,0.5714285714285714,0.8571428571428571,0.7,0.8,0.7095238095238094,0.10707405198137292,72
88,0.24535112380981444,0.011993872249104923,0.014742565155029298,0.00039281054986841334,5,sqrt,2,3,300,"{'classifier__max_depth': 5, 'classifier__max_features': 'sqrt', 'classifier__min_samples_leaf': 2, 'classifier__min_samples_split': 3, 'classifier__n_estimators': 300}",0.6190476190476191,0.5714285714285714,0.8571428571428571,0.7,0.8,0.7095238095238094,0.10707405198137292,72
89,0.3493492126464844,0.012541787322495383,0.018866968154907227,0.000830203816639527,5,sqrt,2,3,400,"{'classifier__max_depth': 5, 'classifier__max_features': 'sqrt', 'classifier__min_samples_leaf': 2, 'classifier__min_samples_split': 3, 'classifier__n_estimators': 400}",0.6190476190476191,0.6190476190476191,0.8571428571428571,0.75,0.75,0.719047619047619,0.09053882543729304,26
90,0.4372115612030029,0.017543599485649673,0.022864866256713866,0.0003916991135008293,5,sqrt,2,3,500,"{'classifier__max_depth': 5, 'classifier__max_features': 'sqrt', 'classifier__min_samples_leaf': 2, 'classifier__min_samples_split': 3, 'classifier__n_estimators': 500}",0.6190476190476191,0.5714285714285714,0.8571428571428571,0.7,0.8,0.7095238095238094,0.10707405198137292,72
91,0.6030012130737304,0.04089474621886606,0.03096628189086914,0.0034355401555164074,5,sqrt,2,3,800,"{'classifier__max_depth': 5, 'classifier__max_features': 'sqrt', 'classifier__min_samples_leaf': 2, 'classifier__min_samples_split': 3, 'classifier__n_estimators': 800}",0.6190476190476191,0.6190476190476191,0.8571428571428571,0.7,0.75,0.709047619047619,0.08932094543004458,126
92,0.24567971229553223,0.01628493735314894,0.014946937561035156,0.0010275228154625875,5,sqrt,2,4,300,"{'classifier__max_depth': 5, 'classifier__max_features': 'sqrt', 'classifier__min_samples_leaf': 2, 'classifier__min_samples_split': 4, 'classifier__n_estimators': 300}",0.6190476190476191,0.6190476190476191,0.8095238095238095,0.7,0.75,0.6995238095238095,0.07429792329463651,159
93,0.40705242156982424,0.028058772135474534,0.022162628173828126,0.00028018962777007564,5,sqrt,2,4,400,"{'classifier__max_depth': 5, 'classifier__max_features': 'sqrt', 'classifier__min_samples_leaf': 2, 'classifier__min_samples_split': 4, 'classifier__n_estimators': 400}",0.5714285714285714,0.5714285714285714,0.8571428571428571,0.75,0.75,0.7,0.11203133672398659,150
94,0.528795576095581,0.0382881243389006,0.028285837173461913,0.0021150426767679864,5,sqrt,2,4,500,"{'classifier__max_depth': 5, 'classifier__max_features': 'sqrt', 'classifier__min_samples_leaf': 2, 'classifier__min_samples_split': 4, 'classifier__n_estimators': 500}",0.6190476190476191,0.6190476190476191,0.8571428571428571,0.7,0.75,0.709047619047619,0.08932094543004458,126
95,0.8064653873443604,0.0495905786873336,0.041315317153930664,0.00559109813172873,5,sqrt,2,4,800,"{'classifier__max_depth': 5, 'classifier__max_features': 'sqrt', 'classifier__min_samples_leaf': 2, 'classifier__min_samples_split': 4, 'classifier__n_estimators': 800}",0.6190476190476191,0.5714285714285714,0.8571428571428571,0.7,0.75,0.6995238095238095,0.100276262386399,159
96,0.3310119152069092,0.030810306327166265,0.019896745681762695,0.0014956636238839037,5,sqrt,3,2,300,"{'classifier__max_depth': 5, 'classifier__max_features': 'sqrt', 'classifier__min_samples_leaf': 3, 'classifier__min_samples_split': 2, 'classifier__n_estimators': 300}",0.6190476190476191,0.6190476190476191,0.8571428571428571,0.7,0.8,0.7190476190476189,0.09590244476323126,53
97,0.4681282043457031,0.0015213822776792558,0.02666754722595215,0.00019868067804427629,5,sqrt,3,2,400,"{'classifier__max_depth': 5, 'classifier__max_features': 'sqrt', 'classifier__min_samples_leaf': 3, 'classifier__min_samples_split': 2, 'classifier__n_estimators': 400}",0.6190476190476191,0.5714285714285714,0.8571428571428571,0.75,0.75,0.7095238095238094,0.10229786218543255,72
98,0.589948034286499,0.03282370931989482,0.03448243141174316,0.0041027317634930996,5,sqrt,3,2,500,"{'classifier__max_depth': 5, 'classifier__max_features': 'sqrt', 'classifier__min_samples_leaf': 3, 'classifier__min_samples_split': 2, 'classifier__n_estimators': 500}",0.6190476190476191,0.5714285714285714,0.8571428571428571,0.7,0.8,0.7095238095238094,0.10707405198137292,72
99,0.6731460094451904,0.04735363343012382,0.03650679588317871,0.0033676337421511926,5,sqrt,3,2,800,"{'classifier__max_depth': 5, 'classifier__max_features': 'sqrt', 'classifier__min_samples_leaf': 3, 'classifier__min_samples_split': 2, 'classifier__n_estimators': 800}",0.6190476190476191,0.6190476190476191,0.8571428571428571,0.7,0.8,0.7190476190476189,0.09590244476323126,53
100,0.34493236541748046,0.025399822166022296,0.020710849761962892,0.0021938139915606246,5,sqrt,3,3,300,"{'classifier__max_depth': 5, 'classifier__max_features': 'sqrt', 'classifier__min_samples_leaf': 3, 'classifier__min_samples_split': 3, 'classifier__n_estimators': 300}",0.6190476190476191,0.6190476190476191,0.8571428571428571,0.7,0.8,0.7190476190476189,0.09590244476323126,53
101,0.4879591464996338,0.02369526483175643,0.027196073532104494,0.0008830487016609569,5,sqrt,3,3,400,"{'classifier__max_depth': 5, 'classifier__max_features': 'sqrt', 'classifier__min_samples_leaf': 3, 'classifier__min_samples_split': 3, 'classifier__n_estimators': 400}",0.6190476190476191,0.5714285714285714,0.8571428571428571,0.75,0.8,0.7195238095238095,0.10804802828943043,11
102,0.6356326103210449,0.1142031809064364,0.030361223220825195,0.0031294152272843745,5,sqrt,3,3,500,"{'classifier__max_depth': 5, 'classifier__max_features': 'sqrt', 'classifier__min_samples_leaf': 3, 'classifier__min_samples_split': 3, 'classifier__n_estimators': 500}",0.6190476190476191,0.6190476190476191,0.8571428571428571,0.7,0.75,0.709047619047619,0.08932094543004458,126
103,0.6520004272460938,0.04712126188035669,0.034856653213500975,0.0001817504470660086,5,sqrt,3,3,800,"{'classifier__max_depth': 5, 'classifier__max_features': 'sqrt', 'classifier__min_samples_leaf': 3, 'classifier__min_samples_split': 3, 'classifier__n_estimators': 800}",0.6190476190476191,0.6190476190476191,0.8571428571428571,0.7,0.75,0.709047619047619,0.08932094543004458,126
104,0.28025145530700685,0.043629397252812514,0.01626753807067871,0.0018104015416501753,5,sqrt,3,4,300,"{'classifier__max_depth': 5, 'classifier__max_features': 'sqrt', 'classifier__min_samples_leaf': 3, 'classifier__min_samples_split': 4, 'classifier__n_estimators': 300}",0.6190476190476191,0.6190476190476191,0.8571428571428571,0.7,0.75,0.709047619047619,0.08932094543004458,126
105,0.3965749740600586,0.02098937650067025,0.02279038429260254,0.0006347072713764835,5,sqrt,3,4,400,"{'classifier__max_depth': 5, 'classifier__max_features': 'sqrt', 'classifier__min_samples_leaf': 3, 'classifier__min_samples_split': 4, 'classifier__n_estimators': 400}",0.6190476190476191,0.6190476190476191,0.8571428571428571,0.75,0.7,0.709047619047619,0.08932094543004458,126
106,0.4481651782989502,0.021333059850679056,0.023797225952148438,0.0024655350438814757,5,sqrt,3,4,500,"{'classifier__max_depth': 5, 'classifier__max_features': 'sqrt', 'classifier__min_samples_leaf': 3, 'classifier__min_samples_split': 4, 'classifier__n_estimators': 500}",0.6190476190476191,0.6190476190476191,0.8571428571428571,0.75,0.75,0.719047619047619,0.09053882543729304,26
107,0.6097917556762695,0.028441332880406695,0.03122239112854004,0.003197532096066295,5,sqrt,3,4,800,"{'classifier__max_depth': 5, 'classifier__max_features': 'sqrt', 'classifier__min_samples_leaf': 3, 'classifier__min_samples_split': 4, 'classifier__n_estimators': 800}",0.6190476190476191,0.6190476190476191,0.8571428571428571,0.75,0.75,0.719047619047619,0.09053882543729304,26
108,0.25582065582275393,0.03443125218355919,0.015494680404663086,0.0014471715565957412,5,log2,1,2,300,"{'classifier__max_depth': 5, 'classifier__max_features': 'log2', 'classifier__min_samples_leaf': 1, 'classifier__min_samples_split': 2, 'classifier__n_estimators': 300}",0.6190476190476191,0.6190476190476191,0.8571428571428571,0.75,0.8,0.7290476190476192,0.09600170066520823,1
109,0.38386054039001466,0.00874896726672518,0.022668838500976562,0.0009451925640094112,5,log2,1,2,400,"{'classifier__max_depth': 5, 'classifier__max_features': 'log2', 'classifier__min_samples_leaf': 1, 'classifier__min_samples_split': 2, 'classifier__n_estimators': 400}",0.6190476190476191,0.5714285714285714,0.8571428571428571,0.7,0.75,0.6995238095238095,0.100276262386399,159
110,0.4206393718719482,0.012108229453973532,0.02255091667175293,0.00011657967380589482,5,log2,1,2,500,"{'classifier__max_depth': 5, 'classifier__max_features': 'log2', 'classifier__min_samples_leaf': 1, 'classifier__min_samples_split': 2, 'classifier__n_estimators': 500}",0.6190476190476191,0.5714285714285714,0.8571428571428571,0.7,0.75,0.6995238095238095,0.100276262386399,159
111,0.5909390449523926,0.03557124405197749,0.02998180389404297,0.0036913193799386085,5,log2,1,2,800,"{'classifier__max_depth': 5, 'classifier__max_features': 'log2', 'classifier__min_samples_leaf': 1, 'classifier__min_samples_split': 2, 'classifier__n_estimators': 800}",0.6190476190476191,0.5714285714285714,0.8571428571428571,0.7,0.8,0.7095238095238094,0.10707405198137292,72
112,0.24261746406555176,0.02403513677771143,0.014889192581176759,0.0010227937673781607,5,log2,1,3,300,"{'classifier__max_depth': 5, 'classifier__max_features': 'log2', 'classifier__min_samples_leaf': 1, 'classifier__min_samples_split': 3, 'classifier__n_estimators': 300}",0.6190476190476191,0.5714285714285714,0.8571428571428571,0.7,0.75,0.6995238095238095,0.100276262386399,159
113,0.3789662837982178,0.0165282206736154,0.020514869689941408,0.0016547232277119807,5,log2,1,3,400,"{'classifier__max_depth': 5, 'classifier__max_features': 'log2', 'classifier__min_samples_leaf': 1, 'classifier__min_samples_split': 3, 'classifier__n_estimators': 400}",0.6190476190476191,0.5714285714285714,0.8571428571428571,0.75,0.75,0.7095238095238094,0.10229786218543255,72
114,0.40370497703552244,0.008689105530590924,0.022522497177124023,6.310420506740899e-05,5,log2,1,3,500,"{'classifier__max_depth': 5, 'classifier__max_features': 'log2', 'classifier__min_samples_leaf': 1, 'classifier__min_samples_split': 3, 'classifier__n_estimators': 500}",0.6190476190476191,0.6190476190476191,0.8571428571428571,0.7,0.75,0.709047619047619,0.08932094543004458,126
115,0.5659451484680176,0.04158795898699614,0.029145240783691406,0.003199805743312175,5,log2,1,3,800,"{'classifier__max_depth': 5, 'classifier__max_features': 'log2', 'classifier__min_samples_leaf': 1, 'classifier__min_samples_split': 3, 'classifier__n_estimators': 800}",0.6190476190476191,0.5714285714285714,0.8571428571428571,0.7,0.75,0.6995238095238095,0.100276262386399,159
116,0.2306729793548584,0.017609651560945728,0.014026308059692382,0.0007830282139445997,5,log2,1,4,300,"{'classifier__max_depth': 5, 'classifier__max_features': 'log2', 'classifier__min_samples_leaf': 1, 'classifier__min_samples_split': 4, 'classifier__n_estimators': 300}",0.5714285714285714,0.5714285714285714,0.8571428571428571,0.7,0.8,0.7,0.11640885021407636,150
117,0.33796124458312987,0.008919544732739822,0.01839919090270996,0.00012280324234653585,5,log2,1,4,400,"{'classifier__max_depth': 5, 'classifier__max_features': 'log2', 'classifier__min_samples_leaf': 1, 'classifier__min_samples_split': 4, 'classifier__n_estimators': 400}",0.6190476190476191,0.5714285714285714,0.8571428571428571,0.7,0.75,0.6995238095238095,0.100276262386399,159
118,0.39586386680603025,0.001233442868328558,0.02243647575378418,7.096525702819362e-05,5,log2,1,4,500,"{'classifier__max_depth': 5, 'classifier__max_features': 'log2', 'classifier__min_samples_leaf': 1, 'classifier__min_samples_split': 4, 'classifier__n_estimators': 500}",0.6190476190476191,0.6190476190476191,0.8571428571428571,0.7,0.8,0.7190476190476189,0.09590244476323126,53
119,0.5540463924407959,0.03764883275918448,0.02780613899230957,0.001666584987208539,5,log2,1,4,800,"{'classifier__max_depth': 5, 'classifier__max_features': 'log2', 'classifier__min_samples_leaf': 1, 'classifier__min_samples_split': 4, 'classifier__n_estimators': 800}",0.6190476190476191,0.6190476190476191,0.8571428571428571,0.7,0.75,0.709047619047619,0.08932094543004458,126
120,0.22806696891784667,0.0191697603376666,0.01398000717163086,0.0008131492832059542,5,log2,2,2,300,"{'classifier__max_depth': 5, 'classifier__max_features': 'log2', 'classifier__min_samples_leaf': 2, 'classifier__min_samples_split': 2, 'classifier__n_estimators': 300}",0.5714285714285714,0.5714285714285714,0.8571428571428571,0.75,0.75,0.7,0.11203133672398659,150
121,0.3167394161224365,0.0022809090779513253,0.01841912269592285,0.00010050609787089718,5,log2,2,2,400,"{'classifier__max_depth': 5, 'classifier__max_features': 'log2', 'classifier__min_samples_leaf': 2, 'classifier__min_samples_split': 2, 'classifier__n_estimators': 400}",0.6190476190476191,0.5714285714285714,0.8571428571428571,0.75,0.75,0.7095238095238094,0.10229786218543255,72
122,0.3932199954986572,0.001673610000230764,0.02188572883605957,0.0012332955529079342,5,log2,2,2,500,"{'classifier__max_depth': 5, 'classifier__max_features': 'log2', 'classifier__min_samples_leaf': 2, 'classifier__min_samples_split': 2, 'classifier__n_estimators': 500}",0.6190476190476191,0.5714285714285714,0.8571428571428571,0.7,0.75,0.6995238095238095,0.100276262386399,159
123,0.5282126426696777,0.035690146598469516,0.025927972793579102,0.0020848240803687888,5,log2,2,2,800,"{'classifier__max_depth': 5, 'classifier__max_features': 'log2', 'classifier__min_samples_leaf': 2, 'classifier__min_samples_split': 2, 'classifier__n_estimators': 800}",0.6190476190476191,0.5714285714285714,0.8571428571428571,0.7,0.8,0.7095238095238094,0.10707405198137292,72
124,0.22687435150146484,0.020812290084043266,0.013894987106323243,0.0008482220626772894,5,log2,2,3,300,"{'classifier__max_depth': 5, 'classifier__max_features': 'log2', 'classifier__min_samples_leaf': 2, 'classifier__min_samples_split': 3, 'classifier__n_estimators': 300}",0.6190476190476191,0.6190476190476191,0.8571428571428571,0.75,0.8,0.7290476190476192,0.09600170066520823,1
125,0.31597280502319336,0.0018603766192106877,0.018408536911010742,9.233924174742148e-05,5,log2,2,3,400,"{'classifier__max_depth': 5, 'classifier__max_features': 'log2', 'classifier__min_samples_leaf': 2, 'classifier__min_samples_split': 3, 'classifier__n_estimators': 400}",0.6190476190476191,0.6190476190476191,0.8571428571428571,0.75,0.75,0.719047619047619,0.09053882543729304,26
126,0.38643655776977537,0.00424073384943505,0.021329975128173827,0.0014707437765028274,5,log2,2,3,500,"{'classifier__max_depth': 5, 'classifier__max_features': 'log2', 'classifier__min_samples_leaf': 2, 'classifier__min_samples_split': 3, 'classifier__n_estimators': 500}",0.6190476190476191,0.5714285714285714,0.8571428571428571,0.75,0.75,0.7095238095238094,0.10229786218543255,72
127,0.5066318988800049,0.019362196585972415,0.025237560272216797,0.000558635865534975,5,log2,2,3,800,"{'classifier__max_depth': 5, 'classifier__max_features': 'log2', 'classifier__min_samples_leaf': 2, 'classifier__min_samples_split': 3, 'classifier__n_estimators': 800}",0.6190476190476191,0.5714285714285714,0.8571428571428571,0.75,0.8,0.7195238095238095,0.10804802828943043,11
128,0.23206334114074706,0.017935090580523224,0.014276409149169922,0.0002862844523060496,5,log2,2,4,300,"{'classifier__max_depth': 5, 'classifier__max_features': 'log2', 'classifier__min_samples_leaf': 2, 'classifier__min_samples_split': 4, 'classifier__n_estimators': 300}",0.6190476190476191,0.6190476190476191,0.8571428571428571,0.75,0.75,0.719047619047619,0.09053882543729304,26
129,0.3161169052124023,0.002030679990590496,0.018386125564575195,0.00012572722950880254,5,log2,2,4,400,"{'classifier__max_depth': 5, 'classifier__max_features': 'log2', 'classifier__min_samples_leaf': 2, 'classifier__min_samples_split': 4, 'classifier__n_estimators': 400}",0.6190476190476191,0.5714285714285714,0.8571428571428571,0.75,0.8,0.7195238095238095,0.10804802828943043,11
130,0.37537198066711425,0.010553515953169335,0.020584917068481444,0.001535276402207104,5,log2,2,4,500,"{'classifier__max_depth': 5, 'classifier__max_features': 'log2', 'classifier__min_samples_leaf': 2, 'classifier__min_samples_split': 4, 'classifier__n_estimators': 500}",0.6190476190476191,0.6190476190476191,0.8571428571428571,0.75,0.75,0.719047619047619,0.09053882543729304,26
131,0.5001864433288574,0.011438472851539365,0.02489461898803711,7.171234540945772e-05,5,log2,2,4,800,"{'classifier__max_depth': 5, 'classifier__max_features': 'log2', 'classifier__min_samples_leaf': 2, 'classifier__min_samples_split': 4, 'classifier__n_estimators': 800}",0.6190476190476191,0.5714285714285714,0.8571428571428571,0.7,0.8,0.7095238095238094,0.10707405198137292,72
132,0.22129549980163574,0.022783112134415143,0.013958930969238281,0.0008226004180423874,5,log2,3,2,300,"{'classifier__max_depth': 5, 'classifier__max_features': 'log2', 'classifier__min_samples_leaf': 3, 'classifier__min_samples_split': 2, 'classifier__n_estimators': 300}",0.6190476190476191,0.6190476190476191,0.8571428571428571,0.75,0.7,0.709047619047619,0.08932094543004458,126
133,0.3138540267944336,0.0013377032224991285,0.018317461013793945,9.842108384608369e-05,5,log2,3,2,400,"{'classifier__max_depth': 5, 'classifier__max_features': 'log2', 'classifier__min_samples_leaf': 3, 'classifier__min_samples_split': 2, 'classifier__n_estimators': 400}",0.5714285714285714,0.6190476190476191,0.8571428571428571,0.75,0.75,0.7095238095238094,0.10229786218543255,72
134,0.3645908832550049,0.017109485493720298,0.019533824920654298,0.0015745321769190768,5,log2,3,2,500,"{'classifier__max_depth': 5, 'classifier__max_features': 'log2', 'classifier__min_samples_leaf': 3, 'classifier__min_samples_split': 2, 'classifier__n_estimators': 500}",0.6190476190476191,0.6190476190476191,0.8571428571428571,0.75,0.8,0.7290476190476192,0.09600170066520823,1
135,0.4898837566375732,0.014645748810270576,0.02475261688232422,0.00014629329820615357,5,log2,3,2,800,"{'classifier__max_depth': 5, 'classifier__max_features': 'log2', 'classifier__min_samples_leaf': 3, 'classifier__min_samples_split': 2, 'classifier__n_estimators': 800}",0.6190476190476191,0.6190476190476191,0.8571428571428571,0.75,0.75,0.719047619047619,0.09053882543729304,26
136,0.22142257690429687,0.024717367045673972,0.013899803161621094,0.001039487779544586,5,log2,3,3,300,"{'classifier__max_depth': 5, 'classifier__max_features': 'log2', 'classifier__min_samples_leaf': 3, 'classifier__min_samples_split': 3, 'classifier__n_estimators': 300}",0.6190476190476191,0.5714285714285714,0.8571428571428571,0.75,0.75,0.7095238095238094,0.10229786218543255,72
137,0.30454792976379397,0.00692982266051811,0.017623281478881835,0.0016121827903735767,5,log2,3,3,400,"{'classifier__max_depth': 5, 'classifier__max_features': 'log2', 'classifier__min_samples_leaf': 3, 'classifier__min_samples_split': 3, 'classifier__n_estimators': 400}",0.5714285714285714,0.6190476190476191,0.8571428571428571,0.7,0.8,0.7095238095238094,0.10707405198137292,72
138,0.3682058811187744,0.030000120985540373,0.01902179718017578,0.001090688805967593,5,log2,3,3,500,"{'classifier__max_depth': 5, 'classifier__max_features': 'log2', 'classifier__min_samples_leaf': 3, 'classifier__min_samples_split': 3, 'classifier__n_estimators': 500}",0.6190476190476191,0.6190476190476191,0.8571428571428571,0.75,0.75,0.719047619047619,0.09053882543729304,26
139,0.4876530170440674,0.012024665846013858,0.024751663208007812,0.00016899232670177801,5,log2,3,3,800,"{'classifier__max_depth': 5, 'classifier__max_features': 'log2', 'classifier__min_samples_leaf': 3, 'classifier__min_samples_split': 3, 'classifier__n_estimators': 800}",0.6190476190476191,0.6190476190476191,0.8571428571428571,0.75,0.75,0.719047619047619,0.09053882543729304,26
140,0.21977295875549316,0.026254030242856614,0.013379430770874024,0.0013623654906918614,5,log2,3,4,300,"{'classifier__max_depth': 5, 'classifier__max_features': 'log2', 'classifier__min_samples_leaf': 3, 'classifier__min_samples_split': 4, 'classifier__n_estimators': 300}",0.5714285714285714,0.6190476190476191,0.8571428571428571,0.75,0.75,0.7095238095238094,0.10229786218543255,72
141,0.293780517578125,0.010168066363553215,0.015946054458618165,7.533221262075061e-05,5,log2,3,4,400,"{'classifier__max_depth': 5, 'classifier__max_features': 'log2', 'classifier__min_samples_leaf': 3, 'classifier__min_samples_split': 4, 'classifier__n_estimators': 400}",0.6190476190476191,0.6190476190476191,0.8571428571428571,0.7,0.75,0.709047619047619,0.08932094543004458,126
142,0.3368988990783691,0.006340723012768849,0.01788172721862793,0.0008696452058717247,5,log2,3,4,500,"{'classifier__max_depth': 5, 'classifier__max_features': 'log2', 'classifier__min_samples_leaf': 3, 'classifier__min_samples_split': 4, 'classifier__n_estimators': 500}",0.6190476190476191,0.6190476190476191,0.8571428571428571,0.75,0.75,0.719047619047619,0.09053882543729304,26
143,0.4943434715270996,0.030810593789342717,0.025182580947875975,0.0008132705737816729,5,log2,3,4,800,"{'classifier__max_depth': 5, 'classifier__max_features': 'log2', 'classifier__min_samples_leaf': 3, 'classifier__min_samples_split': 4, 'classifier__n_estimators': 800}",0.6190476190476191,0.6190476190476191,0.8571428571428571,0.75,0.8,0.7290476190476192,0.09600170066520823,1
144,0.22305126190185548,0.026215657642198697,0.013437652587890625,0.0014430390304010527,6,sqrt,1,2,300,"{'classifier__max_depth': 6, 'classifier__max_features': 'sqrt', 'classifier__min_samples_leaf': 1, 'classifier__min_samples_split': 2, 'classifier__n_estimators': 300}",0.6190476190476191,0.5714285714285714,0.8571428571428571,0.7,0.75,0.6995238095238095,0.100276262386399,159
145,0.29735651016235354,0.010473610355661843,0.01608433723449707,7.943248358909907e-05,6,sqrt,1,2,400,"{'classifier__max_depth': 6, 'classifier__max_features': 'sqrt', 'classifier__min_samples_leaf': 1, 'classifier__min_samples_split': 2, 'classifier__n_estimators': 400}",0.6190476190476191,0.5714285714285714,0.8571428571428571,0.65,0.75,0.6895238095238094,0.10220472097052136,209
146,0.35009288787841797,0.010772233291965213,0.01794114112854004,0.0008074071085888455,6,sqrt,1,2,500,"{'classifier__max_depth': 6, 'classifier__max_features': 'sqrt', 'classifier__min_samples_leaf': 1, 'classifier__min_samples_split': 2, 'classifier__n_estimators': 500}",0.6190476190476191,0.5714285714285714,0.8571428571428571,0.7,0.75,0.6995238095238095,0.100276262386399,159
147,0.49569120407104494,0.01543710372191083,0.025005865097045898,0.0001781926743268551,6,sqrt,1,2,800,"{'classifier__max_depth': 6, 'classifier__max_features': 'sqrt', 'classifier__min_samples_leaf': 1, 'classifier__min_samples_split': 2, 'classifier__n_estimators': 800}",0.6190476190476191,0.5714285714285714,0.8571428571428571,0.7,0.8,0.7095238095238094,0.10707405198137292,72
148,0.22155861854553222,0.02718642123005818,0.013233375549316407,0.0013535668965969415,6,sqrt,1,3,300,"{'classifier__max_depth': 6, 'classifier__max_features': 'sqrt', 'classifier__min_samples_leaf': 1, 'classifier__min_samples_split': 3, 'classifier__n_estimators': 300}",0.5714285714285714,0.5714285714285714,0.8571428571428571,0.7,0.75,0.6900000000000001,0.10932072268405137,203
149,0.3004898548126221,0.008362178868324409,0.016001558303833006,9.042743690102089e-05,6,sqrt,1,3,400,"{'classifier__max_depth': 6, 'classifier__max_features': 'sqrt', 'classifier__min_samples_leaf': 1, 'classifier__min_samples_split': 3, 'classifier__n_estimators': 400}",0.6190476190476191,0.5714285714285714,0.8571428571428571,0.75,0.75,0.7095238095238094,0.10229786218543255,72
150,0.34469923973083494,0.00527414859057233,0.0179534912109375,0.0008947849540496993,6,sqrt,1,3,500,"{'classifier__max_depth': 6, 'classifier__max_features': 'sqrt', 'classifier__min_samples_leaf': 1, 'classifier__min_samples_split': 3, 'classifier__n_estimators': 500}",0.6190476190476191,0.5714285714285714,0.8571428571428571,0.7,0.8,0.7095238095238094,0.10707405198137292,72
151,0.491741418838501,0.027906641670572736,0.024843215942382812,0.00016299707218644469,6,sqrt,1,3,800,"{'classifier__max_depth': 6, 'classifier__max_features': 'sqrt', 'classifier__min_samples_leaf': 1, 'classifier__min_samples_split': 3, 'classifier__n_estimators': 800}",0.6190476190476191,0.5714285714285714,0.8571428571428571,0.75,0.75,0.7095238095238094,0.10229786218543255,72
152,0.22280054092407225,0.02854292740574189,0.013386249542236328,0.0015154273269434534,6,sqrt,1,4,300,"{'classifier__max_depth': 6, 'classifier__max_features': 'sqrt', 'classifier__min_samples_leaf': 1, 'classifier__min_samples_split': 4, 'classifier__n_estimators': 300}",0.5714285714285714,0.5714285714285714,0.8571428571428571,0.7,0.75,0.6900000000000001,0.10932072268405137,203
153,0.2997097969055176,0.01179412616578682,0.016197776794433592,0.0003074602438544804,6,sqrt,1,4,400,"{'classifier__max_depth': 6, 'classifier__max_features': 'sqrt', 'classifier__min_samples_leaf': 1, 'classifier__min_samples_split': 4, 'classifier__n_estimators': 400}",0.6190476190476191,0.5714285714285714,0.8571428571428571,0.7,0.75,0.6995238095238095,0.100276262386399,159
154,0.3533827781677246,0.012628254865982793,0.018017005920410157,0.0011580115746252914,6,sqrt,1,4,500,"{'classifier__max_depth': 6, 'classifier__max_features': 'sqrt', 'classifier__min_samples_leaf': 1, 'classifier__min_samples_split': 4, 'classifier__n_estimators': 500}",0.6190476190476191,0.5714285714285714,0.8571428571428571,0.7,0.8,0.7095238095238094,0.10707405198137292,72
155,0.5555020332336426,0.16088146126902086,0.023978042602539062,0.0019541492700740374,6,sqrt,1,4,800,"{'classifier__max_depth': 6, 'classifier__max_features': 'sqrt', 'classifier__min_samples_leaf': 1, 'classifier__min_samples_split': 4, 'classifier__n_estimators': 800}",0.5714285714285714,0.5714285714285714,0.8571428571428571,0.7,0.8,0.7,0.11640885021407636,150
156,0.22214145660400392,0.024229402609832557,0.013747262954711913,0.0014746646511659852,6,sqrt,2,2,300,"{'classifier__max_depth': 6, 'classifier__max_features': 'sqrt', 'classifier__min_samples_leaf': 2, 'classifier__min_samples_split': 2, 'classifier__n_estimators': 300}",0.6190476190476191,0.5714285714285714,0.8571428571428571,0.75,0.75,0.7095238095238094,0.10229786218543255,72
157,0.2967216968536377,0.009115676479026464,0.016031599044799803,0.00011985533178788324,6,sqrt,2,2,400,"{'classifier__max_depth': 6, 'classifier__max_features': 'sqrt', 'classifier__min_samples_leaf': 2, 'classifier__min_samples_split': 2, 'classifier__n_estimators': 400}",0.6190476190476191,0.6190476190476191,0.8571428571428571,0.7,0.75,0.709047619047619,0.08932094543004458,126
158,0.35533604621887205,0.019165530239646823,0.01834897994995117,0.0011566941032501786,6,sqrt,2,2,500,"{'classifier__max_depth': 6, 'classifier__max_features': 'sqrt', 'classifier__min_samples_leaf': 2, 'classifier__min_samples_split': 2, 'classifier__n_estimators': 500}",0.6190476190476191,0.6190476190476191,0.8571428571428571,0.7,0.8,0.7190476190476189,0.09590244476323126,53
159,0.4821008205413818,0.012290716832718826,0.024769401550292967,0.00012128965905248402,6,sqrt,2,2,800,"{'classifier__max_depth': 6, 'classifier__max_features': 'sqrt', 'classifier__min_samples_leaf': 2, 'classifier__min_samples_split': 2, 'classifier__n_estimators': 800}",0.6190476190476191,0.5714285714285714,0.8571428571428571,0.75,0.75,0.7095238095238094,0.10229786218543255,72
160,0.22173118591308594,0.025847889199742145,0.013488674163818359,0.0013950315873247768,6,sqrt,2,3,300,"{'classifier__max_depth': 6, 'classifier__max_features': 'sqrt', 'classifier__min_samples_leaf': 2, 'classifier__min_samples_split': 3, 'classifier__n_estimators': 300}",0.6190476190476191,0.6190476190476191,0.8095238095238095,0.7,0.8,0.7095238095238094,0.08324485098442727,72
161,0.30639090538024905,0.012921919420335564,0.017121028900146485,0.0013439580940161305,6,sqrt,2,3,400,"{'classifier__max_depth': 6, 'classifier__max_features': 'sqrt', 'classifier__min_samples_leaf': 2, 'classifier__min_samples_split': 3, 'classifier__n_estimators': 400}",0.6190476190476191,0.6190476190476191,0.8571428571428571,0.75,0.75,0.719047619047619,0.09053882543729304,26
162,0.33927574157714846,0.00840625668974192,0.017454242706298827,6.694505011482782e-05,6,sqrt,2,3,500,"{'classifier__max_depth': 6, 'classifier__max_features': 'sqrt', 'classifier__min_samples_leaf': 2, 'classifier__min_samples_split': 3, 'classifier__n_estimators': 500}",0.6190476190476191,0.5714285714285714,0.8571428571428571,0.7,0.75,0.6995238095238095,0.100276262386399,159
163,0.4824925422668457,0.011532503795930365,0.024671554565429688,0.0002331017362713939,6,sqrt,2,3,800,"{'classifier__max_depth': 6, 'classifier__max_features': 'sqrt', 'classifier__min_samples_leaf': 2, 'classifier__min_samples_split': 3, 'classifier__n_estimators': 800}",0.6190476190476191,0.5714285714285714,0.8571428571428571,0.7,0.75,0.6995238095238095,0.100276262386399,159
164,0.2205739974975586,0.025527611901004905,0.013522624969482422,0.0013650209872907758,6,sqrt,2,4,300,"{'classifier__max_depth': 6, 'classifier__max_features': 'sqrt', 'classifier__min_samples_leaf': 2, 'classifier__min_samples_split': 4, 'classifier__n_estimators': 300}",0.5714285714285714,0.5714285714285714,0.8095238095238095,0.7,0.85,0.7004761904761905,0.11623730516108464,148
165,0.2960979461669922,0.015204539289493547,0.0160491943359375,0.00014165221289328309,6,sqrt,2,4,400,"{'classifier__max_depth': 6, 'classifier__max_features': 'sqrt', 'classifier__min_samples_leaf': 2, 'classifier__min_samples_split': 4, 'classifier__n_estimators': 400}",0.5714285714285714,0.5714285714285714,0.8571428571428571,0.7,0.75,0.6900000000000001,0.10932072268405137,203
166,0.3463183879852295,0.00925943228313062,0.0188906192779541,0.001294581867780818,6,sqrt,2,4,500,"{'classifier__max_depth': 6, 'classifier__max_features': 'sqrt', 'classifier__min_samples_leaf': 2, 'classifier__min_samples_split': 4, 'classifier__n_estimators': 500}",0.6190476190476191,0.6190476190476191,0.8571428571428571,0.7,0.8,0.7190476190476189,0.09590244476323126,53
167,0.4892604351043701,0.025020815456810615,0.024860620498657227,0.0008794340815546707,6,sqrt,2,4,800,"{'classifier__max_depth': 6, 'classifier__max_features': 'sqrt', 'classifier__min_samples_leaf': 2, 'classifier__min_samples_split': 4, 'classifier__n_estimators': 800}",0.6190476190476191,0.5714285714285714,0.8571428571428571,0.7,0.75,0.6995238095238095,0.100276262386399,159
168,0.21470403671264648,0.02572871701102818,0.012862920761108398,0.0013539050305818841,6,sqrt,3,2,300,"{'classifier__max_depth': 6, 'classifier__max_features': 'sqrt', 'classifier__min_samples_leaf': 3, 'classifier__min_samples_split': 2, 'classifier__n_estimators': 300}",0.6190476190476191,0.5714285714285714,0.8095238095238095,0.7,0.75,0.6900000000000001,0.08611546327967479,203
169,0.29597792625427244,0.01664834755277507,0.016517257690429686,0.0011517019620860792,6,sqrt,3,2,400,"{'classifier__max_depth': 6, 'classifier__max_features': 'sqrt', 'classifier__min_samples_leaf': 3, 'classifier__min_samples_split': 2, 'classifier__n_estimators': 400}",0.6190476190476191,0.6190476190476191,0.8571428571428571,0.7,0.8,0.7190476190476189,0.09590244476323126,53
170,0.33197827339172364,0.006879413472614087,0.017482280731201172,6.498172619097537e-05,6,sqrt,3,2,500,"{'classifier__max_depth': 6, 'classifier__max_features': 'sqrt', 'classifier__min_samples_leaf': 3, 'classifier__min_samples_split': 2, 'classifier__n_estimators': 500}",0.6190476190476191,0.6190476190476191,0.8571428571428571,0.75,0.75,0.719047619047619,0.09053882543729304,26
171,0.4746545791625977,0.01072999268188903,0.02404365539550781,0.0006777115710784424,6,sqrt,3,2,800,"{'classifier__max_depth': 6, 'classifier__max_features': 'sqrt', 'classifier__min_samples_leaf': 3, 'classifier__min_samples_split': 2, 'classifier__n_estimators': 800}",0.6190476190476191,0.6190476190476191,0.8571428571428571,0.7,0.75,0.709047619047619,0.08932094543004458,126
172,0.21381983757019044,0.025428717779225694,0.012914180755615234,0.0014224232980373193,6,sqrt,3,3,300,"{'classifier__max_depth': 6, 'classifier__max_features': 'sqrt', 'classifier__min_samples_leaf': 3, 'classifier__min_samples_split': 3, 'classifier__n_estimators': 300}",0.6190476190476191,0.6190476190476191,0.8571428571428571,0.7,0.8,0.7190476190476189,0.09590244476323126,53
173,0.28177585601806643,0.008697812216816255,0.01592402458190918,2.109291742947831e-05,6,sqrt,3,3,400,"{'classifier__max_depth': 6, 'classifier__max_features': 'sqrt', 'classifier__min_samples_leaf': 3, 'classifier__min_samples_split': 3, 'classifier__n_estimators': 400}",0.6190476190476191,0.6190476190476191,0.8571428571428571,0.75,0.75,0.719047619047619,0.09053882543729304,26
174,0.33829259872436523,0.016524208012719265,0.01922945976257324,0.0035447462426590475,6,sqrt,3,3,500,"{'classifier__max_depth': 6, 'classifier__max_features': 'sqrt', 'classifier__min_samples_leaf': 3, 'classifier__min_samples_split': 3, 'classifier__n_estimators': 500}",0.6190476190476191,0.5714285714285714,0.8571428571428571,0.7,0.7,0.6895238095238095,0.0971895312709251,207
175,0.4673450946807861,0.0104209009941719,0.023607635498046876,0.00038648581508344285,6,sqrt,3,3,800,"{'classifier__max_depth': 6, 'classifier__max_features': 'sqrt', 'classifier__min_samples_leaf': 3, 'classifier__min_samples_split': 3, 'classifier__n_estimators': 800}",0.6190476190476191,0.6190476190476191,0.8571428571428571,0.7,0.8,0.7190476190476189,0.09590244476323126,53
176,0.21883611679077147,0.027192233785455447,0.013270092010498048,0.001425510688963049,6,sqrt,3,4,300,"{'classifier__max_depth': 6, 'classifier__max_features': 'sqrt', 'classifier__min_samples_leaf': 3, 'classifier__min_samples_split': 4, 'classifier__n_estimators': 300}",0.6190476190476191,0.5714285714285714,0.8571428571428571,0.7,0.75,0.6995238095238095,0.100276262386399,159
177,0.29070167541503905,0.014936452369064285,0.016755437850952147,0.0007970279481749121,6,sqrt,3,4,400,"{'classifier__max_depth': 6, 'classifier__max_features': 'sqrt', 'classifier__min_samples_leaf': 3, 'classifier__min_samples_split': 4, 'classifier__n_estimators': 400}",0.6190476190476191,0.6190476190476191,0.8571428571428571,0.75,0.75,0.719047619047619,0.09053882543729304,26
178,0.34280099868774416,0.018375160407386352,0.017833232879638672,0.0006249501361643866,6,sqrt,3,4,500,"{'classifier__max_depth': 6, 'classifier__max_features': 'sqrt', 'classifier__min_samples_leaf': 3, 'classifier__min_samples_split': 4, 'classifier__n_estimators': 500}",0.6190476190476191,0.6190476190476191,0.8095238095238095,0.7,0.8,0.7095238095238094,0.08324485098442727,72
179,0.47231526374816896,0.013181897579509877,0.023974132537841798,0.0007475951660425488,6,sqrt,3,4,800,"{'classifier__max_depth': 6, 'classifier__max_features': 'sqrt', 'classifier__min_samples_leaf': 3, 'classifier__min_samples_split': 4, 'classifier__n_estimators': 800}",0.6190476190476191,0.6190476190476191,0.8095238095238095,0.7,0.75,0.6995238095238095,0.07429792329463651,159
180,0.21388278007507325,0.02602632199739467,0.012628459930419922,0.0010639590972716048,6,log2,1,2,300,"{'classifier__max_depth': 6, 'classifier__max_features': 'log2', 'classifier__min_samples_leaf': 1, 'classifier__min_samples_split': 2, 'classifier__n_estimators': 300}",0.6190476190476191,0.5714285714285714,0.8571428571428571,0.65,0.8,0.6995238095238095,0.10979676132831033,159
181,0.2844995975494385,0.0065911172562972695,0.015976953506469726,3.2107255639053664e-05,6,log2,1,2,400,"{'classifier__max_depth': 6, 'classifier__max_features': 'log2', 'classifier__min_samples_leaf': 1, 'classifier__min_samples_split': 2, 'classifier__n_estimators': 400}",0.6190476190476191,0.5714285714285714,0.8571428571428571,0.7,0.85,0.7195238095238096,0.11693748935749201,8
182,0.34523658752441405,0.008391503701265813,0.018328332901000978,0.0010090006613809872,6,log2,1,2,500,"{'classifier__max_depth': 6, 'classifier__max_features': 'log2', 'classifier__min_samples_leaf': 1, 'classifier__min_samples_split': 2, 'classifier__n_estimators': 500}",0.5714285714285714,0.5714285714285714,0.8095238095238095,0.7,0.75,0.6804761904761905,0.09555186408521152,210
183,0.47733211517333984,0.012916642906898042,0.023776960372924805,0.0006312877266111268,6,log2,1,2,800,"{'classifier__max_depth': 6, 'classifier__max_features': 'log2', 'classifier__min_samples_leaf': 1, 'classifier__min_samples_split': 2, 'classifier__n_estimators': 800}",0.6190476190476191,0.5714285714285714,0.8571428571428571,0.7,0.75,0.6995238095238095,0.100276262386399,159
184,0.22134194374084473,0.02694003756808777,0.01317133903503418,0.0013789476152246429,6,log2,1,3,300,"{'classifier__max_depth': 6, 'classifier__max_features': 'log2', 'classifier__min_samples_leaf': 1, 'classifier__min_samples_split': 3, 'classifier__n_estimators': 300}",0.6190476190476191,0.5714285714285714,0.8571428571428571,0.7,0.75,0.6995238095238095,0.100276262386399,159
185,0.28678269386291505,0.012654443574306949,0.015935897827148438,0.00022380254361646784,6,log2,1,3,400,"{'classifier__max_depth': 6, 'classifier__max_features': 'log2', 'classifier__min_samples_leaf': 1, 'classifier__min_samples_split': 3, 'classifier__n_estimators': 400}",0.6190476190476191,0.6190476190476191,0.8571428571428571,0.7,0.8,0.7190476190476189,0.09590244476323126,53
186,0.3442652225494385,0.013363158280618665,0.018383169174194337,0.001084081415056003,6,log2,1,3,500,"{'classifier__max_depth': 6, 'classifier__max_features': 'log2', 'classifier__min_samples_leaf': 1, 'classifier__min_samples_split': 3, 'classifier__n_estimators': 500}",0.5714285714285714,0.5714285714285714,0.8571428571428571,0.7,0.8,0.7,0.11640885021407636,150
187,0.4950412273406982,0.01420267707236685,0.024713611602783202,0.0007524779323884193,6,log2,1,3,800,"{'classifier__max_depth': 6, 'classifier__max_features': 'log2', 'classifier__min_samples_leaf': 1, 'classifier__min_samples_split': 3, 'classifier__n_estimators': 800}",0.6190476190476191,0.5714285714285714,0.8571428571428571,0.7,0.8,0.7095238095238094,0.10707405198137292,72
188,0.22069854736328126,0.025162270277133175,0.013175249099731445,0.001357802536712803,6,log2,1,4,300,"{'classifier__max_depth': 6, 'classifier__max_features': 'log2', 'classifier__min_samples_leaf': 1, 'classifier__min_samples_split': 4, 'classifier__n_estimators': 300}",0.6190476190476191,0.5714285714285714,0.8571428571428571,0.7,0.85,0.7195238095238096,0.11693748935749201,8
189,0.2910167694091797,0.01120778089992495,0.01602773666381836,0.00011788938325086341,6,log2,1,4,400,"{'classifier__max_depth': 6, 'classifier__max_features': 'log2', 'classifier__min_samples_leaf': 1, 'classifier__min_samples_split': 4, 'classifier__n_estimators': 400}",0.6190476190476191,0.5714285714285714,0.8571428571428571,0.7,0.8,0.7095238095238094,0.10707405198137292,72
190,0.3385927200317383,0.0028921193201595953,0.017537355422973633,0.00012142066268902423,6,log2,1,4,500,"{'classifier__max_depth': 6, 'classifier__max_features': 'log2', 'classifier__min_samples_leaf': 1, 'classifier__min_samples_split': 4, 'classifier__n_estimators': 500}",0.6190476190476191,0.5714285714285714,0.8571428571428571,0.7,0.75,0.6995238095238095,0.100276262386399,159
191,0.48948092460632325,0.011491597830518643,0.02458653450012207,0.000536879521972539,6,log2,1,4,800,"{'classifier__max_depth': 6, 'classifier__max_features': 'log2', 'classifier__min_samples_leaf': 1, 'classifier__min_samples_split': 4, 'classifier__n_estimators': 800}",0.6190476190476191,0.5714285714285714,0.8571428571428571,0.7,0.8,0.7095238095238094,0.10707405198137292,72
192,0.22250399589538575,0.022622304637381227,0.01344904899597168,0.0009886789818535301,6,log2,2,2,300,"{'classifier__max_depth': 6, 'classifier__max_features': 'log2', 'classifier__min_samples_leaf': 2, 'classifier__min_samples_split': 2, 'classifier__n_estimators': 300}",0.6190476190476191,0.5714285714285714,0.8571428571428571,0.75,0.8,0.7195238095238095,0.10804802828943043,11
193,0.2915388584136963,0.00987475874207784,0.016100597381591798,0.0001269869726306372,6,log2,2,2,400,"{'classifier__max_depth': 6, 'classifier__max_features': 'log2', 'classifier__min_samples_leaf': 2, 'classifier__min_samples_split': 2, 'classifier__n_estimators': 400}",0.6190476190476191,0.5714285714285714,0.8571428571428571,0.7,0.75,0.6995238095238095,0.100276262386399,159
194,0.34032411575317384,0.010121659730296769,0.017481422424316405,4.6816473455991555e-05,6,log2,2,2,500,"{'classifier__max_depth': 6, 'classifier__max_features': 'log2', 'classifier__min_samples_leaf': 2, 'classifier__min_samples_split': 2, 'classifier__n_estimators': 500}",0.6190476190476191,0.5714285714285714,0.8095238095238095,0.75,0.8,0.71,0.09703542144945329,69
195,0.4792028903961182,0.0126537065307558,0.024547719955444337,0.0003515595125114477,6,log2,2,2,800,"{'classifier__max_depth': 6, 'classifier__max_features': 'log2', 'classifier__min_samples_leaf': 2, 'classifier__min_samples_split': 2, 'classifier__n_estimators': 800}",0.6190476190476191,0.5714285714285714,0.8571428571428571,0.7,0.75,0.6995238095238095,0.100276262386399,159
196,0.22534918785095215,0.026453291059359174,0.013876199722290039,0.0012480770156071462,6,log2,2,3,300,"{'classifier__max_depth': 6, 'classifier__max_features': 'log2', 'classifier__min_samples_leaf': 2, 'classifier__min_samples_split': 3, 'classifier__n_estimators': 300}",0.6190476190476191,0.5714285714285714,0.8571428571428571,0.75,0.75,0.7095238095238094,0.10229786218543255,72
197,0.29489912986755373,0.007163109751156451,0.016095447540283202,0.0001633299453286485,6,log2,2,3,400,"{'classifier__max_depth': 6, 'classifier__max_features': 'log2', 'classifier__min_samples_leaf': 2, 'classifier__min_samples_split': 3, 'classifier__n_estimators': 400}",0.6190476190476191,0.6190476190476191,0.8571428571428571,0.7,0.75,0.709047619047619,0.08932094543004458,126
198,0.3501490592956543,0.007412800113566308,0.018602371215820312,0.0010140967378916936,6,log2,2,3,500,"{'classifier__max_depth': 6, 'classifier__max_features': 'log2', 'classifier__min_samples_leaf': 2, 'classifier__min_samples_split': 3, 'classifier__n_estimators': 500}",0.6190476190476191,0.5714285714285714,0.8571428571428571,0.7,0.75,0.6995238095238095,0.100276262386399,159
199,0.6535759925842285,0.01785212185734606,0.037413501739501955,0.0043523048265820714,6,log2,2,3,800,"{'classifier__max_depth': 6, 'classifier__max_features': 'log2', 'classifier__min_samples_leaf': 2, 'classifier__min_samples_split': 3, 'classifier__n_estimators': 800}",0.6190476190476191,0.5714285714285714,0.8571428571428571,0.7,0.75,0.6995238095238095,0.100276262386399,159
200,0.25130424499511717,0.005416904980755488,0.019236278533935548,0.009164994101509812,6,log2,2,4,300,"{'classifier__max_depth': 6, 'classifier__max_features': 'log2', 'classifier__min_samples_leaf': 2, 'classifier__min_samples_split': 4, 'classifier__n_estimators': 300}",0.6190476190476191,0.6190476190476191,0.8571428571428571,0.7,0.75,0.709047619047619,0.08932094543004458,126
201,0.5595345973968506,0.06376352257227205,0.045170259475708005,0.022322795891165682,6,log2,2,4,400,"{'classifier__max_depth': 6, 'classifier__max_features': 'log2', 'classifier__min_samples_leaf': 2, 'classifier__min_samples_split': 4, 'classifier__n_estimators': 400}",0.5714285714285714,0.6190476190476191,0.8571428571428571,0.7,0.75,0.6995238095238095,0.100276262386399,159
202,0.5220571041107178,0.06276164365825679,0.026167774200439455,0.002765555049452568,6,log2,2,4,500,"{'classifier__max_depth': 6, 'classifier__max_features': 'log2', 'classifier__min_samples_leaf': 2, 'classifier__min_samples_split': 4, 'classifier__n_estimators': 500}",0.6190476190476191,0.5714285714285714,0.8571428571428571,0.7,0.75,0.6995238095238095,0.100276262386399,159
203,0.7119452476501464,0.12975966267162858,0.03290205001831055,0.004391745364243262,6,log2,2,4,800,"{'classifier__max_depth': 6, 'classifier__max_features': 'log2', 'classifier__min_samples_leaf': 2, 'classifier__min_samples_split': 4, 'classifier__n_estimators': 800}",0.6190476190476191,0.6190476190476191,0.8571428571428571,0.7,0.75,0.709047619047619,0.08932094543004458,126
204,0.24249553680419922,0.009860578095716579,0.015038442611694337,0.00032355575867938006,6,log2,3,2,300,"{'classifier__max_depth': 6, 'classifier__max_features': 'log2', 'classifier__min_samples_leaf': 3, 'classifier__min_samples_split': 2, 'classifier__n_estimators': 300}",0.6190476190476191,0.5714285714285714,0.8571428571428571,0.75,0.8,0.7195238095238095,0.10804802828943043,11
205,0.31925148963928224,0.0019701405474121547,0.018515539169311524,0.00010943962324385528,6,log2,3,2,400,"{'classifier__max_depth': 6, 'classifier__max_features': 'log2', 'classifier__min_samples_leaf': 3, 'classifier__min_samples_split': 2, 'classifier__n_estimators': 400}",0.6190476190476191,0.6190476190476191,0.8095238095238095,0.7,0.8,0.7095238095238094,0.08324485098442727,72
206,0.3676248073577881,0.019045262251870827,0.01967020034790039,0.001556895647283195,6,log2,3,2,500,"{'classifier__max_depth': 6, 'classifier__max_features': 'log2', 'classifier__min_samples_leaf': 3, 'classifier__min_samples_split': 2, 'classifier__n_estimators': 500}",0.6190476190476191,0.6190476190476191,0.8571428571428571,0.7,0.7,0.699047619047619,0.0869435660268739,199
207,0.5090085983276367,0.018837155747508223,0.025463294982910157,0.0010941522036007592,6,log2,3,2,800,"{'classifier__max_depth': 6, 'classifier__max_features': 'log2', 'classifier__min_samples_leaf': 3, 'classifier__min_samples_split': 2, 'classifier__n_estimators': 800}",0.6190476190476191,0.6190476190476191,0.8571428571428571,0.7,0.8,0.7190476190476189,0.09590244476323126,53
208,0.22591547966003417,0.021701142955499842,0.014058494567871093,0.0008144856406545067,6,log2,3,3,300,"{'classifier__max_depth': 6, 'classifier__max_features': 'log2', 'classifier__min_samples_leaf': 3, 'classifier__min_samples_split': 3, 'classifier__n_estimators': 300}",0.6190476190476191,0.5714285714285714,0.8571428571428571,0.7,0.75,0.6995238095238095,0.100276262386399,159
209,0.31200580596923827,0.006793667007412153,0.017310142517089844,0.0011624484761890352,6,log2,3,3,400,"{'classifier__max_depth': 6, 'classifier__max_features': 'log2', 'classifier__min_samples_leaf': 3, 'classifier__min_samples_split': 3, 'classifier__n_estimators': 400}",0.6190476190476191,0.6190476190476191,0.8571428571428571,0.7,0.8,0.7190476190476189,0.09590244476323126,53
210,0.3546103000640869,0.00922526666277734,0.019048595428466798,0.0008371958951874183,6,log2,3,3,500,"{'classifier__max_depth': 6, 'classifier__max_features': 'log2', 'classifier__min_samples_leaf': 3, 'classifier__min_samples_split': 3, 'classifier__n_estimators': 500}",0.6190476190476191,0.6190476190476191,0.8571428571428571,0.75,0.75,0.719047619047619,0.09053882543729304,26
211,0.4942060947418213,0.014897043256229562,0.024957990646362303,9.23224468347525e-05,6,log2,3,3,800,"{'classifier__max_depth': 6, 'classifier__max_features': 'log2', 'classifier__min_samples_leaf': 3, 'classifier__min_samples_split': 3, 'classifier__n_estimators': 800}",0.6190476190476191,0.6190476190476191,0.8571428571428571,0.65,0.75,0.699047619047619,0.09251585633538385,199
212,0.22383179664611816,0.02429368880404314,0.01396164894104004,0.0008194817272987577,6,log2,3,4,300,"{'classifier__max_depth': 6, 'classifier__max_features': 'log2', 'classifier__min_samples_leaf': 3, 'classifier__min_samples_split': 4, 'classifier__n_estimators': 300}",0.6190476190476191,0.6190476190476191,0.8571428571428571,0.7,0.8,0.7190476190476189,0.09590244476323126,53
213,0.30842299461364747,0.007491422566316351,0.01692996025085449,0.0011258303698621283,6,log2,3,4,400,"{'classifier__max_depth': 6, 'classifier__max_features': 'log2', 'classifier__min_samples_leaf': 3, 'classifier__min_samples_split': 4, 'classifier__n_estimators': 400}",0.6190476190476191,0.5714285714285714,0.8571428571428571,0.65,0.8,0.6995238095238095,0.10979676132831033,159
214,0.35300579071044924,0.009145656219134329,0.01891951560974121,0.0006820162117786255,6,log2,3,4,500,"{'classifier__max_depth': 6, 'classifier__max_features': 'log2', 'classifier__min_samples_leaf': 3, 'classifier__min_samples_split': 4, 'classifier__n_estimators': 500}",0.6190476190476191,0.6190476190476191,0.8571428571428571,0.7,0.8,0.7190476190476189,0.09590244476323126,53
215,0.4926756858825684,0.012280832107244757,0.024961137771606447,0.0001095454474670589,6,log2,3,4,800,"{'classifier__max_depth': 6, 'classifier__max_features': 'log2', 'classifier__min_samples_leaf': 3, 'classifier__min_samples_split': 4, 'classifier__n_estimators': 800}",0.6190476190476191,0.5714285714285714,0.8571428571428571,0.7,0.8,0.7095238095238094,0.10707405198137292,72
