results,latitude,longitude
High,1.312080989,103.922408
High,1.316272577,103.9222347
High,1.312286038,103.9171098
High,1.313913714,103.9181008
High,1.310835932,103.9312847
Medium,1.320930519,103.9242622
Medium,1.310712776,103.9180608
Medium,1.319787426,103.9259847
High,1.319185767,103.9137967
High,1.310342848,103.9252458
Medium,1.315963937,103.9282818
High,1.316266001,103.9209471
Medium,1.31474505,103.9072241
Medium,1.315761118,103.9096109
Medium,1.314477882,103.9066643
Medium,1.31875206,103.9266351
Medium,1.319346917,103.921153
High,1.309230188,103.9194451
High,1.315047496,103.9133363
Medium,1.318735076,103.9277499
High,1.311731869,103.9318291
Medium,1.318766365,103.9246511
High,1.315070349,103.9229112
Medium,1.31191104,103.9077212
High,1.314756345,103.9177666
High,1.314947533,103.9201995
High,1.31506995,103.9298115
High,1.312933174,103.9191425
High,1.313126779,103.9263296
High,1.314696769,103.9130257
Medium,1.308510688,103.9086752
Medium,1.320347994,103.9265022
Medium,1.307416038,103.9102788
High,1.312492204,103.9196837
Medium,1.31012788,103.9120519
Medium,1.322465168,103.9242009
Medium,1.322105457,103.9230272
Medium,1.308951538,103.913997
Medium,1.316471073,103.9302997
High,1.31392665,103.9285767
High,1.320424042,103.9181555
High,1.317321065,103.9123496
Medium,1.310284781,103.9083007
Medium,1.315490823,103.9292954
High,1.319699366,103.9160732
Medium,1.308126201,103.9143655
High,1.31467837,103.9283651
Medium,1.312734108,103.9090676
High,1.3201141,103.9186304
Medium,1.321330799,103.920944
Medium,1.308160087,103.9122173
Medium,1.31191104,103.9077212
High,1.314159297,103.9239468
High,1.316546744,103.9223589
High,1.311429132,103.922568
Medium,1.308560852,103.9112739
High,1.308293021,103.9209649
High,1.317021111,103.9147394
High,1.315637139,103.9157504
High,1.315047658,103.9118584
Medium,1.315782223,103.9101769
Medium,1.314517807,103.9086129
Medium,1.318093068,103.926531
Medium,1.315611449,103.9063397
High,1.316995057,103.9239696
High,1.308819206,103.9239126
High,1.317750112,103.9157534
Medium,1.316089787,103.9083845
Medium,1.320883967,103.9257845
Medium,1.313158154,103.9112073
Medium,1.311762028,103.9098305
Medium,1.365023067,103.8741922
Medium,1.369288551,103.8675708
High,1.361699862,103.8641551
High,1.363294474,103.8644718
Medium,1.362946144,103.8712699
High,1.360092312,103.8644539
High,1.357640183,103.8653523
High,1.364229472,103.8622279
Medium,1.35641631,103.8690265
Medium,1.35823688,103.86859
High,1.363040126,103.8636967
Medium,1.357694219,103.8695255
Medium,1.367876957,103.8648124
High,1.360696572,103.8666522
High,1.362489986,103.8650851
Medium,1.365168287,103.8608596
High,1.355977815,103.8619889
High,1.361631979,103.8672603
Medium,1.364765279,103.8700658
High,1.360542055,103.8620069
High,1.359034173,103.8665962
Medium,1.362019233,103.8709514
High,1.367793144,103.865534
High,1.362230593,103.8647643
High,1.359013538,103.8657193
Medium,1.363008394,103.8705625
Medium,1.364880247,103.8606422
Medium,1.367969896,103.8669012
High,1.354594329,103.8642616
High,1.365786077,103.8678608
High,1.357965596,103.861094
High,1.36086453,103.8630796
High,1.366225927,103.8676293
High,1.364182012,103.8642579
Medium,1.361378181,103.8711168
Medium,1.359313009,103.8725676
Medium,1.360560484,103.8719623
High,1.357221084,103.8621325
Medium,1.361847249,103.8698005
Medium,1.369063999,103.8625624
Medium,1.365877479,103.8622064
High,1.361556592,103.8670371
High,1.361597199,103.8650248
Medium,1.36797575,103.8708627
Medium,1.36135407,103.8709084
High,1.360964477,103.8649748
Medium,1.367520789,103.8677473
High,1.354902248,103.8614794
High,1.363800275,103.8644112
High,1.36062021,103.8601143
Medium,1.386981918,103.8726463
Medium,1.388550078,103.8597521
High,1.385753343,103.8635644
Medium,1.383688353,103.8607186
Medium,1.388122373,103.8615864
High,1.38852248,103.8660495
High,1.381810742,103.8669993
Medium,1.389923079,103.8597803
Medium,1.38527232,103.8740646
High,1.38207618,103.8664268
Medium,1.380944322,103.8749697
High,1.38664494,103.8674859
Medium,1.384169071,103.8599697
High,1.386300062,103.8682709
Medium,1.382360242,103.8601852
Medium,1.387188719,103.8593748
Medium,1.380259703,103.8724224
Medium,1.385371356,103.8743695
Medium,1.380240917,103.8641274
High,1.387538545,103.865888
Medium,1.387026974,103.8621125
High,1.38190171,103.8657294
High,1.387415161,103.8665307
High,1.381335118,103.867336
Medium,1.386813955,103.8593707
Medium,1.38846122,103.8592491
Medium,1.385050556,103.8737179
Medium,1.385877044,103.8731001
Medium,1.379956973,103.8658915
High,1.384186646,103.871224
High,1.379892733,103.8719931
High,1.381220651,103.8686999
Medium,1.383488799,103.8600423
Medium,1.379630363,103.8627797
Medium,1.382529037,103.8743117
Medium,1.383795371,103.8745594
Medium,1.381999837,103.8652114
High,1.388680977,103.8648548
High,1.381430693,103.8695242
Medium,1.364236836,103.8850507
Medium,1.364829237,103.8821349
Low,1.367952961,103.8831153
Medium,1.36099366,103.8764466
Medium,1.357228529,103.8769455
Low,1.368162434,103.8829597
Medium,1.365514515,103.875612
Medium,1.362583582,103.8736432
Medium,1.360241805,103.8752534
High,1.363044502,103.8804909
Low,1.367046602,103.8796037
Medium,1.364159657,103.8749175
Low,1.367046873,103.8787511
High,1.359979644,103.8808219
Medium,1.364186904,103.8850235
Low,1.368196877,103.8783529
High,1.358954439,103.8795245
Medium,1.365866996,103.8831399
Medium,1.365224922,103.8828127
Low,1.366863476,103.8792514
Medium,1.361676872,103.8742275
High,1.356995364,103.879889
Medium,1.366048729,103.881624
Medium,1.366224066,103.8791787
High,1.357885952,103.879415
High,1.361621837,103.8805644
Medium,1.366506957,103.8846229
Medium,1.366700532,103.8829414
Medium,1.358939608,103.8756711
Medium,1.358814145,103.8748127
Low,1.367084046,103.8838989
Low,1.366896131,103.8758774
High,1.361685468,103.8776213
Low,1.367955273,103.8767883
Low,1.367180361,103.8802547
Medium,1.355614062,103.8794139
Low,1.368106273,103.8769124
High,1.31982523,103.9502141
High,1.327125781,103.9517352
High,1.318282328,103.9501992
Medium,1.318987267,103.9369127
High,1.314771486,103.9364896
High,1.315355994,103.9350881
High,1.318533325,103.951073
Medium,1.318251494,103.9421701
Medium,1.317455297,103.9396234
Medium,1.316105165,103.9374561
High,1.320890022,103.9498291
Medium,1.324058986,103.9406956
Medium,1.324098721,103.948598
Medium,1.32650036,103.9496469
Medium,1.320040902,103.940997
High,1.324708237,103.9545951
High,1.318624252,103.9507936
Medium,1.323470945,103.9478124
Medium,1.318006258,103.9412272
Medium,1.326160469,103.9484893
High,1.32650673,103.9537112
Medium,1.318201165,103.9431108
High,1.318295505,103.9490144
High,1.324658182,103.9530544
Medium,1.318392901,103.9375815
High,1.327201446,103.952413
High,1.315689968,103.9403082
High,1.319043429,103.9489212
High,1.325000599,103.954372
Medium,1.323864004,103.9333986
Medium,1.319846291,103.9393168
Medium,1.322625781,103.9378158
High,1.321654334,103.9492683
High,1.318640998,103.9501557
High,1.322687103,103.9500855
Medium,1.317526597,103.9367415
Medium,1.311692882,103.8866095
Medium,1.318309202,103.887754
Medium,1.31596088,103.8881484
Medium,1.315333479,103.8852234
Medium,1.311191394,103.8808485
Medium,1.315272182,103.884401
Medium,1.313565354,103.8785786
Medium,1.312788899,103.8791941
Medium,1.31503871,103.8832653
Medium,1.308529027,103.8829526
Medium,1.313838358,103.8775761
Medium,1.31508422,103.8835467
Medium,1.311312223,103.8831425
Medium,1.314887231,103.8826162
Medium,1.311353018,103.8818889
Medium,1.312598519,103.8780471
Medium,1.314792163,103.8916315
Medium,1.311252167,103.877862
Medium,1.317025371,103.8813904
Medium,1.314313918,103.8779332
Medium,1.317292622,103.8813333
Medium,1.313268357,103.8822117
Medium,1.312421316,103.879414
Medium,1.313152618,103.8872596
Medium,1.313765249,103.8828291
Medium,1.311610952,103.8859651
Medium,1.316256438,103.8900686
Medium,1.306341146,103.8844582
Medium,1.313721762,103.8785311
Medium,1.311594399,103.8801273
Medium,1.312863561,103.8765818
Medium,1.312309134,103.8872539
Medium,1.315333479,103.8852234
Medium,1.313295954,103.8795432
Medium,1.313232723,103.8867577
High,1.350904891,103.8325617
High,1.354465624,103.8365073
High,1.350277778,103.8325306
High,1.344206166,103.8378747
High,1.352523078,103.834249
High,1.355786261,103.8278195
High,1.342718816,103.8369593
High,1.353595996,103.8393086
High,1.3563002,103.8270572
High,1.35313814,103.8350077
Medium,1.357574287,103.8257554
High,1.351791434,103.8317935
High,1.352691631,103.8323665
High,1.35341661,103.8355472
High,1.356020674,103.835339
High,1.353469387,103.8376481
High,1.355873283,103.8328142
Medium,1.358461806,103.8262819
High,1.355438789,103.8293066
High,1.353034986,103.8351323
High,1.349849587,103.8339745
Medium,1.353062094,103.8397829
High,1.353979554,103.8329985
Medium,1.353296368,103.8382635
High,1.354507847,103.8287736
High,1.355744152,103.8282811
High,1.354075265,103.8367804
High,1.353533538,103.8371357
High,1.353323332,103.8298028
High,1.319333721,103.9118724
Medium,1.320402366,103.9060431
Medium,1.323926817,103.9064472
Medium,1.323400629,103.9178833
Medium,1.325861776,103.9164153
Medium,1.320840756,103.9076903
High,1.326577691,103.9140875
High,1.322361456,103.9138804
Medium,1.322175259,103.90968
Medium,1.3256771,103.9067707
Medium,1.318897961,103.9100326
Medium,1.327626426,103.9131444
Medium,1.326312806,103.9150928
Medium,1.319144237,103.9073257
Medium,1.321064108,103.909271
Medium,1.324607328,103.9072796
High,1.320670611,103.9153325
Medium,1.320480697,103.9091031
Medium,1.318897961,103.9100326
Medium,1.323284264,103.9071021
Medium,1.325622405,103.9138485
Medium,1.322083213,103.9063253
Medium,1.322426321,103.9099058
Medium,1.328655495,103.9144926
Medium,1.319389355,103.909098
Medium,1.325815138,103.9073104
Medium,1.321754744,103.9072892
Medium,1.326202634,103.9173179
High,1.279965053,103.8468659
Medium,1.275905201,103.8427412
Medium,1.281937294,103.8445472
High,1.281696109,103.8479521
Medium,1.282584181,103.8459541
Medium,1.279011464,103.8422028
High,1.2786516,103.8448965
High,1.278142789,103.8445493
Medium,1.280884951,103.8456551
Medium,1.283289043,103.8448114
Medium,1.278471924,103.8436969
Medium,1.280411049,103.8414804
Medium,1.279687311,103.8429402
Medium,1.284359578,103.8434268
Medium,1.278266967,103.8430348
Medium,1.28204887,103.8448326
Medium,1.275570062,103.8426834
Medium,1.278093515,103.8429453
Medium,1.278581796,103.8437216
Medium,1.283563546,103.8437083
Medium,1.278199755,103.8418294
Medium,1.283274261,103.8431871
Medium,1.281937294,103.8445472
Medium,1.283003936,103.8436495
High,1.279973145,103.8477013
High,1.280173924,103.8471616
High,1.279893076,103.8470213
High,1.342860743,103.7728611
High,1.340577162,103.7729176
High,1.344934824,103.7671974
High,1.34147393,103.772197
High,1.344876216,103.7690998
High,1.340554729,103.7700541
Medium,1.333487282,103.7670492
High,1.34055525,103.7732376
High,1.334493995,103.7678655
High,1.333961579,103.7679554
High,1.335290919,103.7665009
High,1.334646606,103.7711512
High,1.338576232,103.7665288
High,1.335690495,103.7693825
High,1.344764753,103.7702802
High,1.334940313,103.7725517
High,1.337342168,103.7705272
High,1.344301841,103.7734296
High,1.346286997,103.7648319
High,1.343206929,103.7729242
High,1.344978738,103.7718697
High,1.338452929,103.7661935
High,1.335056279,103.7726923
Medium,1.338304798,103.7735416
High,1.339283849,103.7657088
High,1.335685423,103.7693254
High,1.336279682,103.7651845
Medium,1.313596757,103.9030875
Medium,1.315532809,103.9011651
Medium,1.316339536,103.8993597
Medium,1.314818528,103.9018933
Medium,1.322716416,103.8985594
High,1.311936688,103.9013647
Medium,1.316072903,103.902303
High,1.310940247,103.8992027
Medium,1.320946204,103.8979488
Medium,1.312599494,103.8939634
Medium,1.314934187,103.9015241
Medium,1.316207503,103.8988273
Medium,1.31881487,103.8925808
Medium,1.315634297,103.9026612
Medium,1.313275999,103.9035972
Medium,1.315429739,103.9054531
Medium,1.31672515,103.8979774
Medium,1.314359043,103.9049606
Medium,1.313852341,103.8993971
Medium,1.312929613,103.9029504
Medium,1.316170514,103.899143
Medium,1.314618499,103.894738
High,1.3109648,103.9014485
Medium,1.313708131,103.8934584
Medium,1.313941863,103.903372
Medium,1.310790807,103.8979277
Medium,1.309464776,103.9066645
High,1.309070544,103.9058646
Medium,1.308369957,103.9071373
Medium,1.306716689,103.9041742
Medium,1.305782874,103.9054753
Medium,1.311308485,103.9071588
High,1.302576503,103.8976211
High,1.307291705,103.9005325
High,1.309943606,103.9049028
High,1.307918891,103.9016369
Medium,1.307701604,103.9072304
High,1.308972373,103.8981941
Medium,1.307792967,103.9025828
Medium,1.306511089,103.9061716
High,1.309134022,103.9049778
Medium,1.306248405,103.906293
Medium,1.307112019,103.903886
Medium,1.306807676,103.9069247
High,1.307758743,103.9000065
Medium,1.304845929,103.9069747
High,1.309727159,103.9056507
Medium,1.307146653,103.9038588
Medium,1.307232393,103.9053709
Medium,1.308132011,103.9077723
Medium,1.308671168,103.902351
Medium,1.337187826,103.8006944
Medium,1.328364391,103.8054213
Medium,1.337853241,103.8055414
Medium,1.332882317,103.8064506
Medium,1.330666471,103.8082141
Medium,1.32839143,103.8127512
Medium,1.336449445,103.8080084
Medium,1.328499845,103.8056273
Medium,1.328198658,103.8069539
Medium,1.333748224,103.7987314
Medium,1.336322783,103.8045881
Medium,1.326786323,103.8107546
Medium,1.327083353,103.8104369
Medium,1.32452635,103.8110029
Medium,1.32792373,103.8087038
Medium,1.330940618,103.8067567
Medium,1.33749594,103.8053868
Medium,1.329116384,103.8053445
Medium,1.328603552,103.8056958
Medium,1.328288618,103.8053068
High,1.374381237,103.8307403
High,1.375747455,103.8271407
High,1.371325956,103.8289656
Medium,1.374450519,103.826921
High,1.370811204,103.830227
High,1.37116566,103.8298525
High,1.376297466,103.8303347
High,1.373972501,103.8324756
Medium,1.376333074,103.8338782
Medium,1.374849903,103.8274014
Medium,1.376239712,103.8333953
Medium,1.374306971,103.827749
High,1.370586031,103.8306642
High,1.377295866,103.8321863
High,1.375214318,103.8289244
High,1.374485229,103.8327125
High,1.378131383,103.8333029
Medium,1.377240318,103.8338433
High,1.370475644,103.8300172
High,1.372783577,103.8296039
High,1.330283678,103.9509955
High,1.331381588,103.9502523
High,1.330412169,103.9495476
Medium,1.331907161,103.9431452
Medium,1.332061019,103.9442375
High,1.330642244,103.9501705
Medium,1.33054963,103.9458167
Medium,1.333659462,103.9456906
Medium,1.330861444,103.9475882
Medium,1.334269461,103.9265423
Medium,1.331560567,103.9443473
Medium,1.329558817,103.9475863
Medium,1.327802611,103.9464788
Medium,1.330585705,103.9459526
High,1.331798457,103.9493006
Medium,1.333307375,103.9306985
Medium,1.329154067,103.9486557
Medium,1.333648458,103.944597
Medium,1.319411174,103.8024408
High,1.313227386,103.7964097
High,1.31339278,103.7991496
Medium,1.323178141,103.7936448
Medium,1.322955206,103.7921911
High,1.314782889,103.790824
High,1.309972523,103.7978486
Medium,1.319239486,103.7931886
Medium,1.317433689,103.7992238
Medium,1.323026098,103.7940981
High,1.310230889,103.8002777
Medium,1.32260208,103.7942288
High,1.310786254,103.7987903
High,1.310824117,103.7977501
Medium,1.322189687,103.801019
High,1.310046902,103.7989881
High,1.315800421,103.7998547
High,1.315133924,103.7930752
High,1.30175637,103.8881756
High,1.299563203,103.8923287
Medium,1.306868334,103.8920736
Medium,1.305027043,103.8865239
High,1.307698624,103.8950466
Medium,1.297877705,103.8885131
High,1.299418061,103.895125
Medium,1.304745239,103.8865418
High,1.302891984,103.8959217
High,1.29807096,103.8905198
High,1.302784563,103.888644
Medium,1.306653548,103.892094
High,1.300972347,103.8880985
High,1.298426527,103.8962934
High,1.303049211,103.8883712
High,1.303914252,103.8964058
High,1.297991952,103.8961575
High,1.380243822,103.8286949
High,1.387308954,103.8376234
High,1.389069836,103.8400075
High,1.382050071,103.8318655
High,1.385557193,103.8293424
High,1.389463852,103.8374327
High,1.385469029,103.8382113
High,1.38150399,103.8285362
High,1.380793804,103.8305736
High,1.387932184,103.8356027
High,1.389574085,103.8382201
High,1.381610267,103.8299719
High,1.387214002,103.8402052
High,1.388918294,103.8398148
High,1.380847564,103.8305457
Medium,1.391173058,103.8353194
High,1.38123149,103.828479
Medium,1.311351699,103.8567241
Medium,1.312039925,103.8587283
Medium,1.315805826,103.8579689
Medium,1.307437697,103.8586849
Medium,1.310089274,103.8589186
Medium,1.314268558,103.8598267
Medium,1.311179108,103.8615445
Medium,1.312629407,103.8604942
Medium,1.310908716,103.8605977
Medium,1.309651218,103.8568009
Medium,1.308173153,103.8584356
Medium,1.311163885,103.8621176
Medium,1.307924507,103.8582819
Medium,1.310381739,103.862734
Medium,1.312577654,103.8604166
Medium,1.324265154,103.7840735
Medium,1.332951335,103.7906832
Medium,1.327079924,103.7920606
Medium,1.318956065,103.7865981
Medium,1.32042456,103.7886423
High,1.323596181,103.7741629
Medium,1.320937472,103.7888178
Medium,1.326287636,103.792584
Medium,1.31958963,103.7881067
Medium,1.327524514,103.7904484
Medium,1.329672906,103.7942487
Medium,1.324912949,103.7857208
Medium,1.328739903,103.7925457
Medium,1.323753178,103.7858729
Medium,1.32017657,103.7843743
Medium,1.322915004,103.8001917
Medium,1.323128771,103.8082281
Medium,1.329046362,103.8011462
Medium,1.328144704,103.8001158
Medium,1.324557679,103.797922
Medium,1.324383946,103.8057776
Medium,1.324226457,103.7943866
Medium,1.322554925,103.8087361
Medium,1.329046362,103.8011462
Medium,1.323282945,103.8020525
Medium,1.323001661,103.8051958
Medium,1.322911833,103.7997913
Medium,1.323742495,103.7972146
Medium,1.322903784,103.8080864
Medium,1.323495405,103.8060167
Medium,1.345530161,103.9592488
High,1.338688865,103.9551093
High,1.336894416,103.953354
Medium,1.345187498,103.9612252
High,1.336825219,103.9531996
High,1.337252784,103.9540089
High,1.342913482,103.9614831
High,1.340208008,103.9521834
High,1.337987346,103.9528918
High,1.339972937,103.9542504
High,1.338172867,103.9531148
High,1.33817277,103.9538485
High,1.337911997,103.9527179
Medium,1.346457108,103.9608708
High,1.335195139,103.8777321
Medium,1.332762329,103.8715523
Medium,1.33251897,103.8779598
Medium,1.331903124,103.8713572
Medium,1.330177031,103.8722514
Medium,1.330016513,103.8724932
Medium,1.330172244,103.8741779
High,1.332892741,103.8781783
Medium,1.332897053,103.8770098
Medium,1.331744771,103.8768006
High,1.330105122,103.8741933
Medium,1.330410583,103.8735287
Medium,1.331804957,103.8722615
Medium,1.332499513,103.8751066
High,1.347172865,103.8618798
High,1.344329271,103.8696474
High,1.346761653,103.8661049
High,1.345941507,103.8659811
High,1.345639485,103.8652498
High,1.34875526,103.8609081
High,1.347626116,103.866391
High,1.345848353,103.8689122
High,1.347316899,103.8659604
High,1.353641109,103.8619178
High,1.344969683,103.8663531
High,1.34578781,103.8607538
High,1.346342806,103.8664334
High,1.345950242,103.8672017
Low,1.361516749,103.8881692
Medium,1.353896193,103.8801899
Low,1.355793415,103.8863889
Medium,1.355539385,103.8804351
Medium,1.35586136,103.8827681
Medium,1.353333637,103.8814433
Low,1.356987088,103.8874805
Medium,1.356230841,103.8822253
Medium,1.362828142,103.8883782
Medium,1.352212415,103.8857098
Medium,1.353480875,103.8788284
Medium,1.352830711,103.8809262
Medium,1.360934361,103.8913591
Medium,1.30842219,103.8543543
Medium,1.309659116,103.8552011
Medium,1.308848638,103.8551937
Medium,1.305424447,103.8517311
Medium,1.305571414,103.8527402
Medium,1.309000867,103.8539693
Medium,1.305802617,103.8524212
Medium,1.303997827,103.8541848
Medium,1.304899315,103.8538608
Medium,1.305521818,103.8519869
Medium,1.307612671,103.8560916
Medium,1.304974689,103.8519536
Medium,1.305123321,103.8525082
Medium,1.337955843,103.6916745
Medium,1.340798411,103.693302
High,1.354174469,103.697831
Medium,1.351501641,103.6975443
Medium,1.352603596,103.7000156
Medium,1.336633231,103.6937447
Medium,1.352957407,103.7001221
Medium,1.352453974,103.7008178
Medium,1.343407114,103.6928674
Medium,1.352613033,103.6996433
Medium,1.33615351,103.6955012
Medium,1.34699539,103.6945287
Medium,1.352660341,103.70052
High,1.336893053,103.7852282
Medium,1.336211621,103.7899549
High,1.338929021,103.7808764
Medium,1.336772691,103.7908232
Medium,1.348511035,103.7910242
High,1.33863258,103.7801638
Medium,1.346916959,103.7881538
Medium,1.338203665,103.7864027
Medium,1.344213673,103.7882792
High,1.33985941,103.7826351
Medium,1.348385899,103.7890198
High,1.33949689,103.7855289
High,1.341037594,103.7822214
High,1.345002079,103.8845336
Medium,1.350797726,103.8839131
High,1.347582036,103.886013
High,1.347003715,103.8824257
Medium,1.349336988,103.8829632
High,1.347058483,103.8846335
High,1.345511916,103.8835527
High,1.347478044,103.8860636
Medium,1.350368325,103.8826864
High,1.346479318,103.8855063
Medium,1.348027587,103.8844644
High,1.338909835,103.8911832
High,1.337353808,103.893519
Medium,1.322737813,103.8421031
Medium,1.323466865,103.8510231
Medium,1.326132071,103.8580967
Medium,1.323765682,103.8433954
Medium,1.322804734,103.8419832
Medium,1.323876463,103.8532108
Medium,1.322612324,103.8429251
Medium,1.325329778,103.8524117
Medium,1.323782735,103.8501021
Medium,1.322704469,103.8519711
Medium,1.323726511,103.8428744
Medium,1.326977796,103.8445895
Medium,1.32495449,103.8503833
Medium,1.406165051,103.8216598
Medium,1.40398772,103.8209989
Medium,1.399722456,103.8254317
Medium,1.400277982,103.8234127
Medium,1.398502696,103.8209187
Medium,1.406778718,103.8234228
Medium,1.398565629,103.8253233
Medium,1.405388233,103.8223709
Medium,1.402909954,103.8205133
Medium,1.399030979,103.8181007
Medium,1.406450885,103.8223759
Medium,1.40542194,103.8213183
Medium,1.32843376,103.8185038
Medium,1.323981299,103.8224748
Medium,1.324999155,103.821574
Medium,1.328688395,103.8147862
Medium,1.327751719,103.8220938
Medium,1.329698384,103.8181061
Medium,1.324519235,103.8205633
Medium,1.324106347,103.8176915
Medium,1.327874898,103.8183692
Medium,1.324688443,103.8257442
Medium,1.325668325,103.8228038
High,1.314599353,103.7842213
High,1.316930568,103.7850395
High,1.31275837,103.7819564
High,1.313796931,103.7912238
Medium,1.319461853,103.7813365
High,1.314870503,103.7794493
High,1.313703983,103.7835575
High,1.312773115,103.7810939
Medium,1.31759013,103.7806764
High,1.314598621,103.7827338
Medium,1.318493869,103.7819305
Medium,1.349953275,103.846782
Medium,1.354217517,103.8469275
High,1.348878699,103.8427945
Medium,1.350230244,103.8444364
High,1.350466197,103.8434189
Medium,1.35392782,103.8428169
Medium,1.348433524,103.8443768
Medium,1.354081363,103.8433898
Medium,1.352488264,103.8440916
Medium,1.351547449,103.8444068
Medium,1.346032455,103.8743317
Medium,1.345207192,103.8736732
Medium,1.345529488,103.8739761
High,1.344735306,103.881744
Medium,1.350156589,103.8783097
High,1.345849883,103.8804138
Medium,1.347690432,103.8794768
Medium,1.344301806,103.8729815
Medium,1.345647768,103.8756387
Medium,1.348881181,103.8791651
High,1.314083429,103.8439849
High,1.320534744,103.8404129
High,1.321200785,103.8411308
High,1.320202811,103.8402551
High,1.312540036,103.8423211
High,1.317197179,103.8410223
High,1.315960108,103.8451317
Medium,1.318444177,103.8503207
High,1.312111558,103.8441412
High,1.319633743,103.8404071
Medium,1.361926386,103.9640907
Medium,1.363194452,103.9653462
Medium,1.36323835,103.9664959
Low,1.362828758,103.9642082
Medium,1.358342341,103.9644
Medium,1.361720014,103.965684
High,1.363079512,103.9696657
Low,1.36304734,103.9644262
Medium,1.35880965,103.962753
High,1.36980396,103.7535249
High,1.368022954,103.7518997
High,1.369160681,103.7518854
High,1.369189659,103.7524157
Low,1.376835105,103.7582224
High,1.370675243,103.7525633
Low,1.377887385,103.7581744
High,1.370695789,103.7529939
Low,1.374779327,103.7585293
High,1.315756706,103.8266741
High,1.318589401,103.8233337
High,1.317691725,103.8287695
Low,1.319232244,103.828062
High,1.315477517,103.8214459
High,1.315292551,103.8308304
Low,1.320418638,103.8222957
High,1.31707305,103.8262246
High,1.315756706,103.8266741
Medium,1.337297144,103.9066317
Medium,1.334599691,103.9120108
Medium,1.336679902,103.911539
Medium,1.332922016,103.9042895
Medium,1.334148702,103.9090056
Medium,1.329369523,103.9084686
Medium,1.338243118,103.9120315
Medium,1.328208521,103.9080124
High,1.337794193,103.9040769
High,1.339200713,103.8858839
High,1.3330051,103.8839509
Medium,1.331933468,103.8796386
High,1.339420951,103.8856399
High,1.338454674,103.8776767
Medium,1.333628892,103.8807864
Medium,1.333659897,103.8809849
Medium,1.33295172,103.87968
Medium,1.31373231,103.8497061
Medium,1.313188571,103.8533105
Medium,1.314388289,103.8477766
Medium,1.313583805,103.8502442
Medium,1.307018268,103.8486609
Medium,1.313352292,103.8496102
Medium,1.31677861,103.8536537
Medium,1.315297769,103.8534001
Medium,1.33184852,103.8821987
Medium,1.330362364,103.8841982
Medium,1.32968233,103.885408
Medium,1.329707525,103.8813267
Medium,1.326077602,103.8903913
Medium,1.329368066,103.8810779
Medium,1.330315844,103.8834023
Medium,1.329322546,103.8829388
Medium,1.302033249,103.8597528
Medium,1.300882592,103.8590946
Medium,1.302869397,103.8581763
Medium,1.300788288,103.8589737
Medium,1.303136614,103.8603971
Medium,1.30147898,103.8591882
Medium,1.301046303,103.8589646
Medium,1.301695596,103.8585701
High,1.324694013,103.8394644
High,1.322886682,103.8374325
High,1.3254009,103.8392435
Medium,1.326147427,103.8403547
High,1.320204026,103.8326427
High,1.321802433,103.8350211
High,1.324538769,103.8392837
High,1.321891045,103.8360757
Medium,1.389100755,103.8556631
Medium,1.389872842,103.8555386
Medium,1.387999375,103.8553885
Medium,1.387719375,103.8552409
Medium,1.388799122,103.8520353
Medium,1.390515619,103.8549854
Medium,1.389824042,103.8542731
Medium,1.390509552,103.854489
Medium,1.325147986,103.8634787
Medium,1.327314489,103.8664751
Medium,1.324544026,103.8656997
Medium,1.327515192,103.8628256
Medium,1.326962238,103.8632122
Medium,1.319217089,103.8630215
Medium,1.324418783,103.8658995
Medium,1.32048334,103.8582713
Medium,1.380499088,103.9440618
Medium,1.380786576,103.9375601
Medium,1.380804459,103.9382387
Medium,1.378025793,103.941079
Medium,1.378508775,103.9440766
Medium,1.378848697,103.9453539
Medium,1.37877593,103.9433803
Medium,1.381581743,103.9365873
Medium,1.359086171,103.948911
Medium,1.359975852,103.9411845
Medium,1.359155794,103.9451405
Medium,1.359013181,103.9551111
Medium,1.357266351,103.9396652
Medium,1.357598498,103.9590342
Medium,1.356424507,103.9586093
Medium,1.355427534,103.9514472
High,1.358182351,103.7584352
High,1.358676968,103.7615005
High,1.35848218,103.7613055
High,1.359866854,103.7605591
Medium,1.354044118,103.7590852
High,1.357525958,103.7583301
High,1.359880919,103.7616707
High,1.358576267,103.7605375
Medium,1.398064757,103.8733556
Medium,1.395633253,103.8727682
Medium,1.396477305,103.8736134
Medium,1.390548171,103.8769085
Medium,1.392857345,103.8708752
High,1.400192176,103.8709928
High,1.400350894,103.8711466
High,1.287156341,103.8490275
High,1.285893691,103.8496404
High,1.28725802,103.849231
Medium,1.287127857,103.8470257
High,1.288202085,103.8491959
Medium,1.287214613,103.8468543
High,1.287866034,103.849005
Medium,1.279318158,103.7865285
Medium,1.280832565,103.7877764
Medium,1.276118115,103.7931835
Medium,1.276564912,103.7921259
Medium,1.280457959,103.7876774
Medium,1.278101725,103.7898211
Medium,1.280428212,103.789754
High,1.363925467,103.7688438
High,1.367093297,103.7687311
High,1.367545561,103.7697332
High,1.369952107,103.7724706
Medium,1.371590091,103.7735778
High,1.36740825,103.769385
Medium,1.371398345,103.7692183
Medium,1.39128491,103.7512347
Medium,1.392290894,103.7410706
Medium,1.390501787,103.7511902
Medium,1.391136271,103.7498329
Medium,1.391646639,103.7521995
Medium,1.390282471,103.7521728
Medium,1.395509378,103.7447329
High,1.296763827,103.8254111
Medium,1.293718134,103.8265445
Medium,1.293900638,103.8308894
High,1.295311131,103.8289367
High,1.294826089,103.8178357
Medium,1.293648762,103.8309403
Medium,1.293648762,103.8309403
Medium,1.443338463,103.8255957
High,1.439773876,103.8253793
High,1.438340253,103.8245482
Medium,1.445106331,103.8279323
Medium,1.443808877,103.8264875
Medium,1.437055562,103.8262353
Medium,1.43877496,103.826786
Medium,1.386450802,103.8762347
Medium,1.375126661,103.8822349
Medium,1.387987807,103.8769812
Medium,1.385771401,103.8766902
Medium,1.384250574,103.8787933
Medium,1.386530806,103.8761898
Medium,1.461338754,103.840144
Medium,1.46149858,103.8399714
Medium,1.457628202,103.8359996
Medium,1.459689858,103.8382408
Medium,1.457876303,103.8361255
Medium,1.458703459,103.8384345
Medium,1.358815213,103.9359412
Medium,1.346324736,103.9350085
Medium,1.347345884,103.9300525
Medium,1.353075377,103.9313181
Medium,1.346717383,103.9290039
Medium,1.350539604,103.928534
Medium,1.350438181,103.8717045
Medium,1.348972024,103.8683625
Medium,1.34993697,103.8695629
Medium,1.352406015,103.8749635
Medium,1.353237675,103.8694125
Medium,1.351247888,103.8747507
High,1.314198429,103.7562758
High,1.312813405,103.7562071
High,1.316013273,103.7545107
High,1.316303906,103.7543002
High,1.313122398,103.7560078
High,1.315290094,103.7572251
High,1.355539914,103.6870099
Medium,1.372846958,103.6835552
High,1.351651028,103.6811716
High,1.346641785,103.6840459
Medium,1.344739609,103.6875139
Medium,1.384527384,103.6953914
Medium,1.287632899,103.778563
High,1.292549761,103.7702935
Medium,1.281607808,103.7860598
High,1.293149629,103.768937
Medium,1.285835667,103.7800984
High,1.292934231,103.7686934
Medium,1.25208186,103.8441224
Medium,1.248419101,103.8437998
Medium,1.240682969,103.8355939
Medium,1.23865119,103.8340378
Medium,1.238772641,103.8324431
Medium,1.250836072,103.8272608
Medium,1.307285002,103.6309665
Medium,1.311226605,103.6287367
Medium,1.318207713,103.6320571
Medium,1.299897819,103.6254564
Medium,1.299071974,103.63
High,1.311529837,103.807621
Medium,1.321335894,103.8132574
Medium,1.31635565,103.813221
High,1.310800163,103.8070894
Medium,1.315685144,103.8161204
Low,1.432699866,103.7857788
Low,1.430908346,103.7752268
High,1.426400354,103.7775134
Low,1.430893228,103.7752129
Medium,1.427793105,103.777803
High,1.323058187,103.7543667
High,1.322967449,103.7550538
High,1.323390707,103.7570748
High,1.318795057,103.7575958
High,1.321505128,103.7586081
Medium,1.436867983,103.7978993
Medium,1.438397594,103.7985403
Medium,1.442394113,103.8028495
Low,1.444340363,103.7939491
High,1.308799087,103.8035538
High,1.309716348,103.8058632
High,1.30333418,103.8051826
Medium,1.306792403,103.8101858
Medium,1.310835634,103.8530023
Medium,1.306359192,103.8515675
Medium,1.30657821,103.8516828
Medium,1.310450019,103.8527482
Low,1.372860704,103.8401607
Low,1.373306748,103.8399592
Medium,1.376677065,103.838361
Low,1.370074112,103.8410893
Medium,1.329430162,103.7235125
Medium,1.339404321,103.7229073
Medium,1.339989245,103.7179822
Medium,1.340154735,103.7188118
Medium,1.30851735,103.7642699
Medium,1.311584337,103.759907
Medium,1.309280243,103.7621818
Medium,1.308743748,103.7617377
High,1.297866428,103.8398937
Medium,1.29864667,103.8408992
Medium,1.296663281,103.8427327
High,1.295989651,103.8412619
High,1.362662275,103.9719301
High,1.36352038,103.9715005
High,1.364756653,103.9722965
High,1.362642833,103.9719833
High,1.308143634,103.8382111
High,1.307210468,103.8374168
High,1.30512898,103.8384139
High,1.307427989,103.837394
Medium,1.386480679,103.8967399
Medium,1.392076023,103.9007749
Medium,1.389336348,103.9002572
Medium,1.329872195,103.9019297
Medium,1.32598214,103.9015132
Medium,1.32756438,103.904805
Low,1.36854144,103.8930836
Low,1.368105406,103.8877604
Low,1.368328075,103.8932852
High,1.32872615,103.7683746
High,1.325162117,103.7649437
High,1.327085404,103.7658635
Medium,1.417623787,103.8470616
Medium,1.415600145,103.8424141
Low,1.418844596,103.8448245
Medium,1.391234722,103.9036
Medium,1.389060217,103.9024005
Medium,1.383827437,103.9016837
Medium,1.371953601,103.9563538
Medium,1.3653652,103.9569384
Medium,1.368055259,103.9557672
High,1.315324875,103.8019795
Medium,1.318814033,103.8064765
High,1.312890933,103.8013253
Medium,1.37249734,103.7660294
Medium,1.375348223,103.7696578
High,1.370438076,103.7653064
High,1.34642155,103.9634393
Medium,1.331679804,103.9692006
Medium,1.329965301,103.9658924
Medium,1.425785973,103.8452281
Medium,1.430181701,103.851141
Medium,1.429045941,103.8446216
Medium,1.358389157,103.8946923
Medium,1.354553044,103.8923223
High,1.360447164,103.8975606
Medium,1.373432536,103.9447563
Medium,1.372971971,103.9416731
Medium,1.368993421,103.9491179
Medium,1.322439137,103.6558689
Medium,1.322529091,103.6611881
Medium,1.335711746,103.6458018
Medium,1.333877719,103.6985774
Medium,1.329582747,103.6918507
High,1.332482078,103.6915525
Medium,1.343872989,103.7014299
Medium,1.341139746,103.6984449
Medium,1.336372744,103.7032199
Medium,1.327077374,103.6381601
Medium,1.317961297,103.6429169
Medium,1.319844554,103.6371112
High,1.362888457,103.7677809
High,1.36050027,103.7689927
High,1.346597192,103.7769765
Medium,1.338308772,103.8203823
Medium,1.339030535,103.8209427
Medium,1.337975158,103.8198597
Medium,1.280401574,103.8292786
Medium,1.284299357,103.830518
Medium,1.283450776,103.8353712
Medium,1.375904885,103.958503
High,1.378440595,103.9583852
Medium,1.377761632,103.9573818
Medium,1.276670277,103.8364941
Medium,1.276796066,103.8369163
Medium,1.276744403,103.8377532
Medium,1.416388365,103.7576336
High,1.416175189,103.7567965
High,1.417258379,103.7592224
Medium,1.371650976,103.8979578
Medium,1.364725229,103.8933186
Medium,1.370854893,103.8977272
Medium,1.303785829,103.9049528
Medium,1.30437185,103.9140417
High,1.339389575,103.7608712
Medium,1.341080727,103.7514331
High,1.301682254,103.8247908
High,1.299738447,103.8258681
Low,1.428592432,103.8265459
Medium,1.426940503,103.8253633
Medium,1.348123833,103.7224939
Medium,1.351666671,103.7270839
Medium,1.401045849,103.9098906
Medium,1.401269051,103.9159739
Medium,1.375839128,103.7431959
Low,1.376909491,103.7453205
Medium,1.317950641,103.6671023
Medium,1.308861437,103.667123
Medium,1.326297693,103.6920191
Medium,1.323500732,103.6745086
High,1.299363288,103.7876876
High,1.294254203,103.7983983
Medium,1.430618304,103.828763
Medium,1.435082931,103.8339827
Medium,1.450356834,103.8257267
High,1.457885876,103.8282357
Medium,1.394670133,103.8920541
Medium,1.388298758,103.8892615
Medium,1.41782099,103.9122652
Medium,1.419284863,103.9088808
Medium,1.393599214,103.9103808
Medium,1.399203942,103.9067408
Medium,1.401036819,103.9039876
Medium,1.402541367,103.8979606
Medium,1.372568278,103.8840382
Medium,1.37499003,103.8859822
Medium,1.294166535,103.7801259
High,1.301071995,103.7753361
Medium,1.298262536,103.8560273
Medium,1.299016774,103.8554824
High,1.452788024,103.7962571
High,1.451859887,103.7924561
Medium,1.465277024,103.8085929
Medium,1.465866309,103.8107567
Medium,1.314298734,103.8728282
Medium,1.312707295,103.8706906
High,1.32935032,103.8754726
Medium,1.327977182,103.8766532
High,1.350101669,103.9667602
High,1.352206679,103.9695836
High,1.266336805,103.8237922
High,1.267427391,103.8136714
High,1.311150152,103.7545099
High,1.302634403,103.7611402
High,1.409147525,103.7486882
High,1.408945887,103.751488
Medium,1.413745321,103.8333032
High,1.424298296,103.8409023
Medium,1.381298183,103.8368028
Medium,1.378263353,103.8418094
Medium,1.379741301,103.972658
Medium,1.380716284,103.9760991
Medium,1.446757346,103.8215624
Medium,1.442590674,103.8188614
Medium,1.318473816,103.6299232
Medium,1.336485234,103.6385135
Medium,1.305976525,103.7970566
High,1.311063566,103.795309
Low,1.431063955,103.7904541
High,1.424786541,103.7951625
Medium,1.273397952,103.6311436
Medium,1.271099647,103.6334449
Medium,1.306142317,103.7651726
Medium,1.307006418,103.7706699
Low,1.334055846,103.8464607
Medium,1.333350047,103.8441029
Medium,1.28969743,103.8082695
Medium,1.287477077,103.8052534
Medium,1.40314975,103.816467
Medium,1.397507044,103.8173224
High,1.311874929,103.9356005
High,1.311994857,103.9402729
Medium,1.356247341,103.8533451
Medium,1.35130868,103.8491544
Medium,1.293236243,103.8029039
Medium,1.290253965,103.8058479
Medium,1.443166386,103.8368568
Low,1.431446088,103.8363209
High,1.461374095,103.8086279
High,1.461296812,103.8081475
Low,1.300901731,103.8552631
Medium,1.298531929,103.8509209
Medium,1.443373439,103.7887163
Medium,1.301672686,103.8480362
High,1.403374061,103.7543385
Low,1.437301054,103.7740422
High,1.304795805,103.7771749
Medium,1.396609114,103.7497294
High,1.298232541,103.7649933
High,1.375322962,103.999894
Medium,1.337837952,103.9249737
Medium,1.381921045,103.7479012
Medium,1.292342642,103.8151728
Medium,1.370684263,103.8339079
High,1.292551353,103.8405979
Medium,1.264595964,103.7240673
Medium,1.349000733,103.7489079
Medium,1.3754926,103.7368712
High,1.273258304,103.8029208
Medium,1.31614522,103.7205917
Medium,1.418608956,103.7476856
Medium,1.380933087,103.8938194
Medium,1.300858643,103.8517341
Medium,1.359636109,103.7503772
Medium,1.416502718,103.7109213
High,1.290884746,103.8495159
Medium,1.364035373,103.9443616
Medium,1.31427266,103.7713609
High,1.341981713,103.8692103
Low,1.366339477,103.8591223
Medium,1.289354944,103.8275438
High,1.296159112,103.8304355
Medium,1.406481434,103.9020733
Medium,1.389367215,103.771091
Medium,1.347758552,103.7111799
Medium,1.377528001,103.8936032
Low,1.380744151,103.7512211
Medium,1.408314306,103.8718405
Medium,1.300497741,103.7497745
High,1.301385102,103.8376844
Low,1.342919818,103.7408611
Medium,1.297407538,103.8754381
High,1.306643154,103.8307891
Medium,1.329791401,103.7132992
Medium,1.392309066,103.9817366
Medium,1.456666866,103.81361
Medium,1.291974098,103.7616603
High,1.28533796,103.7968732
Medium,1.446311229,103.8294169
High,1.328142155,103.7177533
Medium,1.318520456,103.8664886
Medium,1.28178928,103.8259896
Medium,1.369423079,103.858177
Medium,1.337269998,103.8628066
Medium,1.371238381,103.8733069
Medium,1.434409262,103.756015
Low,1.345512106,103.7312191
Medium,1.304548064,103.8502244
Medium,1.310773898,103.8728759
Medium,1.383721408,103.7631278
Medium,1.361062628,103.7415235
Medium,1.276405525,103.8252493
Medium,1.353829595,103.7577143
High,1.315334665,103.8334522
Medium,1.322617734,103.7379728
Medium,1.408001153,103.8673389
High,1.335200426,103.7497735
Medium,1.374965387,103.7754358
Medium,1.305448249,103.6594901
Low,1.385096025,103.7602184
Medium,1.362431864,103.8510307
Medium,1.340472872,103.8461425
Medium,1.318717244,103.8711436
Medium,1.376020996,103.8597813
Medium,1.285323793,103.8457767